Crypto,Date,Open,High,Low,Close
BTC,12/31/19,7254,7309,7132,7171
BTC,12/30/19,7402,7430,7217,7254
BTC,12/29/19,7334,7529,7295,7402
BTC,12/28/19,7235,7359,7235,7334
BTC,12/27/19,7208,7267,7087,7235
BTC,12/26/19,7218,7437,7179,7208
BTC,12/25/19,7255,7268,7130,7214
BTC,12/24/19,7328,7417,7168,7255
BTC,12/23/19,7420,7696,7302,7328
BTC,12/22/19,7145,7463,7138,7420
BTC,12/21/19,7209,7215,7128,7147
BTC,12/20/19,7169,7225,7094,7209
BTC,12/19/19,7144,7447,7065,7170
BTC,12/18/19,6633,7222,6459,7143
BTC,12/17/19,6892,6944,6602,6632
BTC,12/16/19,7133,7152,6856,6892
BTC,12/15/19,7092,7177,7027,7133
BTC,12/14/19,7252,7274,7022,7092
BTC,12/13/19,7212,7300,7195,7252
BTC,12/12/2019,7204,7299,7103,7212
BTC,12/11/2019,7234,7276,7151,7202
BTC,12/10/2019,7371,7396,7191,7234
BTC,12/09/2019,7564,7665,7304,7375
BTC,12/08/2019,7510,7585,7409,7564
BTC,12/07/2019,7484,7617,7484,7510
BTC,12/06/2019,7390,7619,7335,7484
BTC,12/05/2019,7194,7485,7177,7390
BTC,12/04/2019,7342,7740,7111,7194
BTC,12/03/2019,7331,7420,7260,7342
BTC,12/02/2019,7393,7464,7193,7331
BTC,12/01/2019,7560,7581,7257,7393
BTC,11/30/19,7721,7812,7486,7559
BTC,11/29/19,7578,7854,7393,7725
BTC,11/28/19,7558,7661,7436,7578
BTC,11/27/19,7124,7661,6872,7559
BTC,11/26/19,7236,7348,7054,7129
BTC,11/25/19,7066,7372,6559,7236
BTC,11/24/19,7295,7352,6958,7066
BTC,11/23/19,7345,7360,7118,7295
BTC,11/22/19,7617,7722,6816,7345
BTC,11/21/19,8102,8127,7447,7617
BTC,11/20/19,8124,8219,8051,8099
BTC,11/19/19,8231,8233,8030,8124
BTC,11/18/19,8565,8565,8083,8231
BTC,11/17/19,8494,8629,8409,8566
BTC,11/16/19,8461,8533,8437,8494
BTC,11/15/19,8660,8773,8407,8462
BTC,11/14/19,8768,8794,8578,8660
BTC,11/13/19,8772,8833,8716,8766
BTC,11/12/2019,8744,8852,8579,8772
BTC,11/11/2019,9052,9105,8618,8744
BTC,11/10/2019,8805,9127,8756,9052
BTC,11/09/2019,8867,8878,8733,8803
BTC,11/08/2019,9211,9248,8687,8867
BTC,11/07/2019,9318,9374,9108,9211
BTC,11/06/2019,9360,9446,9268,9318
BTC,11/05/2019,9447,9486,9200,9359
BTC,11/04/2019,9161,9540,9136,9447
BTC,11/03/2019,9322,9385,9088,9168
BTC,11/02/2019,9223,9398,9214,9322
BTC,11/01/2019,9180,9298,9072,9222
BTC,10/31/19,9192,9412,8976,9180
BTC,10/30/19,9453,9472,9033,9193
BTC,10/29/19,9461,9549,9111,9453
BTC,10/28/19,9611,9928,9285,9467
BTC,10/27/19,9132,9799,9103,9611
BTC,10/26/19,8578,10412,8578,9143
BTC,10/25/19,7464,8746,7417,8589
BTC,10/24/19,7496,7515,7369,7464
BTC,10/23/19,8137,8137,7338,7499
BTC,10/22/19,8211,8310,8100,8137
BTC,10/21/19,8238,8317,8169,8211
BTC,10/20/19,7960,8311,7906,8245
BTC,10/19/19,7955,8087,7902,7952
BTC,10/18/19,8054,8124,7849,7957
BTC,10/17/19,7995,8126,7947,8054
BTC,10/16/19,8157,8184,7929,7994
BTC,10/15/19,8349,8406,8133,8157
BTC,10/14/19,8265,8400,8232,8349
BTC,10/13/19,8352,8470,8174,8265
BTC,10/12/2019,8346,8407,8257,8350
BTC,10/11/2019,8583,8791,8297,8346
BTC,10/10/2019,8599,8665,8475,8582
BTC,10/09/2019,8137,8692,8130,8599
BTC,10/08/2019,8224,8345,8120,8138
BTC,10/07/2019,7911,8311,7790,8217
BTC,10/06/2019,8110,8199,7797,7911
BTC,10/05/2019,8177,8228,8031,8109
BTC,10/04/2019,8157,8293,8063,8177
BTC,10/03/2019,8245,8423,8100,8156
BTC,10/02/2019,8382,8423,8182,8245
BTC,10/01/2019,8246,8528,8202,8392
BTC,9/30/19,8022,8362,7741,8246
BTC,9/29/19,8182,8338,7940,8023
BTC,9/28/19,8074,8279,8041,8182
BTC,9/27/19,8104,8143,7887,8074
BTC,9/26/19,8524,8657,7785,8104
BTC,9/25/19,8589,8798,8252,8528
BTC,9/24/19,9791,9802,8064,8589
BTC,9/23/19,10016,10082,9725,9793
BTC,9/22/19,9972,10084,9864,10016
BTC,9/21/19,10145,10189,9965,9972
BTC,9/20/19,10267,10317,10099,10145
BTC,9/19/19,10202,10372,9710,10267
BTC,9/18/19,10260,10269,10105,10202
BTC,9/17/19,10223,10354,10149,10271
BTC,9/16/19,10284,10380,10108,10212
BTC,9/15/19,10425,10445,10276,10284
BTC,9/14/19,10268,10428,10260,10425
BTC,9/13/19,10337,10470,10173,10268
BTC,09/12/2019,10108,10375,10054,10335
BTC,09/11/2019,10059,10224,9869,10106
BTC,09/10/2019,10239,10388,9945,10059
BTC,09/09/2019,10370,10536,10101,10239
BTC,09/08/2019,10522,10593,10301,10366
BTC,09/07/2019,10358,10564,10299,10522
BTC,09/06/2019,10520,10933,10232,10357
BTC,09/05/2019,10629,10696,10483,10523
BTC,09/04/2019,10714,10825,10401,10631
BTC,09/03/2019,10407,10768,10297,10713
BTC,09/02/2019,9644,10460,9644,10407
BTC,09/01/2019,9505,9689,9480,9641
BTC,8/31/19,9635,9656,9466,9505
BTC,8/30/19,9530,9687,9370,9638
BTC,8/29/19,9672,9752,9345,9530
BTC,8/28/19,10144,10281,9599,9673
BTC,8/27/19,10270,10400,10033,10144
BTC,8/26/19,10001,10645,9936,10268
BTC,8/25/19,10105,10329,9972,10003
BTC,8/24/19,10365,10454,9913,10105
BTC,8/23/19,10186,10460,10064,10357
BTC,8/22/19,10156,10230,9779,10186
BTC,8/21/19,10707,10849,9891,10162
BTC,8/20/19,10685,10957,10582,10707
BTC,8/19/19,10370,10836,10276,10677
BTC,8/18/19,10080,10511,10079,10370
BTC,8/17/19,10398,10487,10027,10074
BTC,8/16/19,10380,10549,9775,10398
BTC,8/15/19,10177,10398,9517,10374
BTC,8/14/19,10889,10901,10070,10177
BTC,8/13/19,11428,11442,10778,10898
BTC,08/12/2019,11418,11563,11275,11428
BTC,08/11/2019,11321,11468,11119,11411
BTC,08/11/2019,11878,11977,11239,11321
BTC,08/09/2019,11616,12072,11615,11879
BTC,08/08/2019,11868,12040,11518,11616
BTC,08/07/2019,11650,12127,11230,11866
BTC,08/06/2019,11725,12307,11583,11650
BTC,08/06/2019,10943,11944,10819,11722
BTC,08/04/2019,10888,11031,10590,10943
BTC,08/03/2019,10403,10916,10368,10881
BTC,08/02/2019,10414,10662,10339,10393
BTC,08/01/2019,10029,10478,9897,10414
BTC,7/31/19,9533,10091,9530,10033
BTC,7/30/19,9516,9726,9390,9533
BTC,7/29/19,9512,9705,9124,9517
BTC,7/28/19,9444,9556,9334,9512
BTC,7/27/19,9832,10183,9330,9449
BTC,7/26/19,9875,9940,9668,9839
BTC,7/25/19,9676,10183,9667,9873
BTC,7/24/19,10145,10145,9550,9685
BTC,7/23/19,10323,10382,9884,10163
BTC,7/22/19,10504,10664,10076,10323
BTC,7/21/19,10933,11082,10335,10509
BTC,7/20/19,10519,10989,10411,10929
BTC,7/19/19,10613,10766,10166,10509
BTC,7/18/19,9692,10733,9300,10609
BTC,7/17/19,9591,9964,9083,9692
BTC,7/16/19,10805,11051,9514,9597
BTC,7/15/19,10639,10937,9906,10805
BTC,7/14/19,10908,11437,10322,10647
BTC,7/13/19,11901,11919,10856,10908
BTC,07/12/2019,11162,11908,11080,11888
BTC,07/11/2019,11777,12185,10999,11162
BTC,07/10/2019,12388,13181,11689,11805
BTC,07/09/2019,12212,12815,12125,12388
BTC,07/08/2019,11513,12280,11353,12212
BTC,07/07/2019,11472,11616,11068,11513
BTC,07/06/2019,11046,11715,10850,11478
BTC,07/05/2019,11722,11747,10801,11046
BTC,07/04/2019,11380,12057,11315,11732
BTC,07/03/2019,10730,11570,10638,11380
BTC,07/02/2019,10479,10927,9682,10775
BTC,07/01/2019,11413,11425,10018,10495
BTC,6/30/19,12162,12208,10861,11413
BTC,6/29/19,12205,12426,11386,12162
BTC,6/28/19,10680,12382,10500,12216
BTC,6/27/19,12740,13297,10333,10680
BTC,6/26/19,11380,13814,11372,12796
BTC,6/25/19,10878,11482,10868,11380
BTC,6/24/19,11063,11283,10565,10878
BTC,6/23/19,10642,11122,10401,11081
BTC,6/22/19,9938,11195,9871,10646
BTC,6/21/19,9566,9941,9491,9941
BTC,6/20/19,9174,9604,9150,9566
BTC,6/19/19,9132,9214,8962,9174
BTC,6/18/19,9283,9463,8949,9135
BTC,6/17/19,8944,9403,8937,9287
BTC,6/16/19,8800,9386,8780,8942
BTC,6/15/19,8449,8889,8449,8800
BTC,6/14/19,8263,8461,8184,8449
BTC,6/13/19,8119,8287,8076,8267
BTC,06/12/2019,7924,8256,7829,8113
BTC,06/11/2019,7945,8052,7735,7924
BTC,06/10/2019,7721,8059,7515,7945
BTC,06/09/2019,7875,7966,7620,7721
BTC,06/08/2019,7897,8064,7806,7875
BTC,06/07/2019,7692,8124,7688,7920
BTC,06/06/2019,7747,7870,7478,7692
BTC,06/05/2019,7663,7914,7470,7747
BTC,06/04/2019,8549,8553,7557,7663
BTC,06/03/2019,8687,8751,8340,8550
BTC,06/02/2019,8542,8822,8530,8681
BTC,06/01/2019,8501,8621,8458,8539
BTC,5/31/19,8455,8508,8047,8501
BTC,5/30/19,8655,9090,8413,8455
BTC,5/29/19,8701,8767,8468,8656
BTC,5/28/19,8756,8849,8579,8701
BTC,5/27/19,8622,8938,8552,8752
BTC,5/26/19,8035,8762,7891,8622
BTC,5/25/19,8110,8147,7950,8035
BTC,5/24/19,7869,8170,7800,8106
BTC,5/23/19,7834,7864,7496,7854
BTC,5/22/19,8076,8102,7712,7834
BTC,5/21/19,7984,8110,7823,8076
BTC,5/20/19,8025,8283,7591,7984
BTC,5/19/19,7294,8129,7247,8023
BTC,5/18/19,7129,7491,7129,7293
BTC,5/17/19,7749,7948,6689,7131
BTC,5/16/19,8152,8354,7747,7749
BTC,5/15/19,7722,8243,7639,8152
BTC,5/14/19,7844,8278,7638,7709
BTC,5/13/19,7162,7919,6877,7832
BTC,05/12/2019,7185,7535,6805,7163
BTC,05/11/2019,6132,6455,6131,6325
BTC,05/10/2019,6132,6455,6131,6325
BTC,05/09/2019,5989,6170,5964,6131
BTC,05/08/2019,5959,6015,5788,5989
BTC,05/07/2019,5809,6065,5793,5965
BTC,05/06/2019,5860,5880,5684,5809
BTC,05/05/2019,5798,5932,5749,5860
BTC,05/04/2019,5810,5925,5643,5786
BTC,05/03/2019,5520,5909,5483,5809
BTC,05/02/2019,5409,5539,5394,5520
BTC,05/01/2019,5351,5444,5351,5410
BTC,4/30/19,5240,5389,5209,5351
BTC,4/29/19,5237,5295,5182,5240
BTC,4/28/19,5281,5320,5226,5238
BTC,4/27/19,5189,5294,5188,5280
BTC,4/26/19,5508,5512,5034,5189
BTC,4/25/19,5449,5525,5384,5508
BTC,4/24/19,5587,5632,5390,5449
BTC,4/23/19,5381,5622,5372,5587
BTC,4/22/19,5253,5437,5247,5381
BTC,4/21/19,5326,5349,5238,5253
BTC,4/20/19,5276,5370,5263,5326
BTC,4/19/19,5314,5356,5211,5276
BTC,4/18/19,5234,5320,5219,5314
BTC,4/17/19,5197,5274,5191,5235
BTC,4/16/19,5031,5232,5016,5195
BTC,4/15/19,5102,5198,4965,5031
BTC,4/14/19,5094,5120,5037,5102
BTC,4/13/19,5053,5129,5053,5094
BTC,04/12/2019,5059,5115,4933,5052
BTC,04/11/2019,5306,5343,4987,5058
BTC,04/10/2019,5232,5466,5176,5306
BTC,04/09/2019,5267,5316,5158,5232
BTC,04/08/2019,5163,5341,5144,5265
BTC,04/07/2019,5092,5192,4935,5163
BTC,04/06/2019,5020,5248,4993,5089
BTC,04/05/2019,4863,5080,4857,5020
BTC,04/04/2019,5290,5331,4801,4863
BTC,04/03/2019,4816,5308,4805,5290
BTC,04/02/2019,4148,5062,4147,4815
BTC,04/01/2019,4119,4171,4080,4148
BTC,3/31/19,4105,4128,4103,4119
BTC,3/30/19,4103,4156,4078,4105
BTC,3/29/19,4037,4129,4034,4103
BTC,3/28/19,4033,4060,4019,4037
BTC,3/27/19,3936,4054,3933,4033
BTC,3/26/19,3910,3945,3902,3937
BTC,3/25/19,3981,4001,3889,3908
BTC,3/24/19,3997,4011,3969,3981
BTC,3/23/19,4000,4025,3985,3997
BTC,3/22/19,3997,4020,3987,4000
BTC,3/21/19,4044,4084,3956,3997
BTC,3/20/19,4027,4049,4004,4044
BTC,3/19/19,4006,4046,3986,4027
BTC,3/18/19,4010,4049,3972,4006
BTC,3/17/19,4013,4024,3972,4010
BTC,3/16/19,3933,4073,3921,4012
BTC,3/15/19,3884,3941,3881,3934
BTC,3/14/19,3885,3925,3823,3884
BTC,3/13/19,3898,3905,3861,3885
BTC,03/12/2019,3879,3911,3832,3898
BTC,03/11/2019,3931,3944,3854,3880
BTC,03/10/2019,3925,3952,3904,3931
BTC,03/09/2019,3903,3978,3806,3925
BTC,03/08/2019,3907,3944,3884,3909
BTC,03/07/2019,3879,3923,3869,3906
BTC,03/06/2019,3868,3907,3844,3878
BTC,03/05/2019,3733,3901,3716,3869
BTC,03/04/2019,3824,3839,3705,3733
BTC,03/03/2019,3843,3854,3810,3824
BTC,03/02/2019,3866,3870,3804,3843
BTC,03/01/2019,3836,3878,3819,3866
BTC,2/28/19,3781,3916,3775,3836
BTC,2/27/19,3825,3860,3704,3781
BTC,2/26/19,3844,3866,3799,3825
BTC,2/25/19,3819,3894,3763,3844
BTC,2/24/19,4142,4217,3757,3818
BTC,2/23/19,3979,4184,3949,4142
BTC,2/22/19,3935,3995,3922,3979
BTC,2/21/19,3951,4027,3908,3935
BTC,2/20/19,3920,3992,3900,3952
BTC,2/19/19,3889,4006,3870,3918
BTC,2/18/19,3623,3939,3620,3890
BTC,2/17/19,3631,3697,3596,3628
BTC,2/16/19,3599,3647,3596,3631
BTC,2/15/19,3604,3644,3582,3599
BTC,2/14/19,3601,3618,3581,3604
BTC,2/13/19,3612,3663,3592,3601
BTC,02/12/2019,3623,3649,3582,3611
BTC,02/11/2019,3635,3685,3615,3623
BTC,02/10/2019,3653,3663,3613,3635
BTC,02/09/2019,3628,3671,3622,3653
BTC,02/08/2019,3384,3738,3374,3630
BTC,02/07/2019,3394,3406,3380,3384
BTC,02/06/2019,3450,3464,3371,3394
BTC,02/05/2019,3445,3458,3424,3450
BTC,02/04/2019,3422,3461,3418,3445
BTC,02/03/2019,3462,3509,3414,3421
BTC,02/02/2019,3481,3485,3444,3462
BTC,02/01/2019,3445,3484,3407,3481
BTC,1/31/19,3463,3498,3427,3445
BTC,1/30/19,3428,3488,3400,3463
BTC,1/29/19,3442,3465,3371,3429
BTC,1/28/19,3563,3563,3402,3442
BTC,1/27/19,3583,3591,3515,3563
BTC,1/26/19,3580,3669,3572,3583
BTC,1/25/19,3596,3606,3553,3580
BTC,1/24/19,3565,3617,3549,3596
BTC,1/23/19,3594,3627,3547,3565
BTC,1/22/19,3537,3625,3447,3595
BTC,1/21/19,3555,3570,3526,3537
BTC,1/20/19,3728,3731,3506,3555
BTC,1/19/19,3634,3784,3629,3727
BTC,1/18/19,3650,3673,3605,3634
BTC,1/17/19,3623,3667,3579,3650
BTC,1/16/19,3593,3688,3593,3623
BTC,1/15/19,3693,3714,3582,3593
BTC,1/14/19,3545,3732,3526,3693
BTC,1/13/19,3656,3675,3516,3545
BTC,01/12/2019,3674,3676,3608,3655
BTC,01/11/2019,3665,3718,3624,3674
BTC,01/10/2019,4029,4067,3616,3665
BTC,01/09/2019,4034,4077,4000,4029
BTC,01/08/2019,4041,4136,4004,4034
BTC,01/07/2019,4072,4110,3997,4040
BTC,01/06/2019,3880,4072,3810,4072
BTC,01/05/2019,3878,3912,3859,3880
BTC,01/04/2019,3840,3895,3774,3878
BTC,01/03/2019,3937,3964,3813,3841
BTC,01/02/2019,3767,3943,3757,3931
BTC,01/01/2019,3722,3788,3697,3769
BTC,12/31/18,3859,3888,3697,3721
BTC,12/30/18,3963,3971,3744,3859
BTC,12/29/18,3938,3981,3864,3963
BTC,12/28/18,3626,3994,3610,3939
BTC,12/27/18,3812,3877,3613,3631
BTC,12/26/18,3827,3899,3728,3809
BTC,12/25/18,4100,4111,3728,3827
BTC,12/24/18,3993,4284,3953,4100
BTC,12/23/18,3932,4103,3885,3999
BTC,12/22/18,3893,3979,3835,3933
BTC,12/21/18,4036,4190,3822,3893
BTC,12/20/18,3704,4210,3704,4036
BTC,12/19/18,3575,3960,3563,3704
BTC,12/18/18,3536,3608,3475,3574
BTC,12/17/18,3240,3613,3220,3539
BTC,12/16/18,3236,3298,3213,3241
BTC,12/15/18,3188,3266,3156,3236
BTC,12/14/18,3285,3324,3168,3188
BTC,12/13/18,3476,3477,3261,3287
BTC,12/12/2018,3402,3521,3357,3476
BTC,12/11/2018,3441,3467,3330,3403
BTC,12/10/2018,3567,3624,3397,3441
BTC,12/09/2018,3304,3672,3285,3567
BTC,12/08/2018,3415,3503,3278,3298
BTC,12/07/2018,3628,3654,3236,3396
BTC,12/06/2018,3748,3863,3590,3628
BTC,12/05/2018,3923,3942,3698,3748
BTC,12/04/2018,3892,4062,3775,3923
BTC,12/03/2018,4174,4180,3778,3892
BTC,12/02/2018,4196,4286,4056,4179
BTC,12/01/2018,3942,4274,3911,4196
BTC,11/30/18,4207,4311,3893,3947
BTC,11/29/18,4252,4414,4116,4207
BTC,11/28/18,3797,4370,3777,4252
BTC,11/27/18,3694,3820,3606,3802
BTC,11/26/18,4080,4122,3567,3678
BTC,11/25/18,3832,4130,3522,4088
BTC,11/24/18,4292,4404,3795,3832
BTC,11/23/18,4457,4472,4135,4292
BTC,11/22/18,4483,4617,4396,4458
BTC,11/21/18,4385,4663,4249,4487
BTC,11/20/18,4820,4929,4127,4369
BTC,11/19/18,5571,5583,4733,4820
BTC,11/18/18,5517,5645,5505,5571
BTC,11/17/18,5484,5566,5455,5518
BTC,11/16/18,5513,5643,5477,5479
BTC,11/15/18,5630,5711,5263,5508
BTC,11/14/18,6330,6342,5406,5630
BTC,11/13/18,6339,6357,6293,6330
BTC,11/12/2018,6339,6407,6334,6339
BTC,11/11/2018,6385,6386,6301,6342
BTC,11/10/2018,6350,6395,6346,6385
BTC,11/09/2018,6440,6446,6332,6351
BTC,11/08/2018,6520,6529,6419,6440
BTC,11/07/2018,6438,6555,6438,6520
BTC,11/06/2018,6417,6467,6402,6438
BTC,11/05/2018,6431,6455,6389,6417
BTC,11/04/2018,6351,6473,6328,6431
BTC,11/03/2018,6371,6376,6322,6351
BTC,11/02/2018,6351,6396,6348,6371
BTC,11/01/2018,6319,6354,6311,6351
BTC,10/31/18,6282,6359,6216,6319
BTC,10/30/18,6265,6312,6257,6281
BTC,10/29/18,6414,6437,6244,6265
BTC,10/28/18,6425,6436,6402,6414
BTC,10/27/18,6437,6454,6412,6424
BTC,10/26/18,6436,6484,6416,6437
BTC,10/25/18,6462,6465,6414,6437
BTC,10/24/18,6434,6500,6429,6462
BTC,10/23/18,6454,6458,6404,6434
BTC,10/22/18,6483,6483,6416,6455
BTC,10/21/18,6448,6502,6443,6483
BTC,10/20/18,6417,6466,6404,6448
BTC,10/19/18,6446,6467,6409,6417
BTC,10/18/18,6509,6553,6428,6446
BTC,10/17/18,6521,6558,6477,6509
BTC,10/16/18,6469,6591,6452,6522
BTC,10/15/18,6251,6961,6189,6469
BTC,10/14/18,6221,6303,6221,6251
BTC,10/13/18,6241,6246,6203,6221
BTC,10/12/2018,6228,6264,6142,6241
BTC,10/11/2018,6559,6559,6126,6226
BTC,10/10/2018,6596,6614,6464,6559
BTC,10/09/2018,6640,6642,6567,6596
BTC,10/08/2018,6543,6672,6541,6640
BTC,10/07/2018,6563,6569,6506,6543
BTC,10/06/2018,6551,6654,6542,6562
BTC,10/05/2018,6556,6589,6525,6551
BTC,10/04/2018,6448,6595,6423,6556
BTC,10/03/2018,6532,6545,6410,6448
BTC,10/02/2018,6556,6600,6468,6532
BTC,10/01/2018,6564,6643,6501,6556
BTC,9/30/18,6581,6639,6528,6562
BTC,9/29/18,6646,6652,6467,6580
BTC,9/28/18,6696,6794,6536,6646
BTC,9/27/18,6501,6731,6432,6696
BTC,9/26/18,6387,6540,6373,6501
BTC,9/25/18,6625,6630,6334,6392
BTC,9/24/18,6677,6719,6576,6628
BTC,9/23/18,6717,6768,6664,6677
BTC,9/22/18,6717,6824,6631,6717
BTC,9/21/18,6378,6777,6362,6717
BTC,9/20/18,6425,6450,6352,6373
BTC,9/19/18,6318,6494,6117,6425
BTC,9/18/18,6219,6382,6216,6316
BTC,9/17/18,6501,6529,6211,6221
BTC,9/16/18,6532,6532,6383,6501
BTC,9/15/18,6537,6567,6353,6532
BTC,9/14/18,6467,6580,6415,6537
BTC,9/13/18,6308,6524,6298,6467
BTC,09/12/2018,6253,6332,6204,6308
BTC,09/11/2018,6302,6391,6190,6254
BTC,09/10/2018,6387,6390,6216,6300
BTC,09/09/2018,6173,6438,6157,6387
BTC,09/08/2018,6447,6466,6120,6173
BTC,09/07/2018,6444,6531,6330,6445
BTC,09/06/2018,6952,6981,6279,6444
BTC,09/05/2018,7363,7387,6866,6948
BTC,09/04/2018,7299,7404,7237,7363
BTC,09/03/2018,7282,7325,7198,7299
BTC,09/02/2018,7195,7328,7137,7282
BTC,09/01/2018,7043,7260,7003,7195
BTC,8/31/18,6913,7084,6899,7044
BTC,8/30/18,7039,7064,6801,6911
BTC,8/29/18,7082,7120,6922,7039
BTC,8/28/18,6721,7125,6715,7082
BTC,8/27/18,6678,6750,6658,6721
BTC,8/26/18,6719,6774,6579,6677
BTC,8/25/18,6612,6934,6611,6720
BTC,8/24/18,6419,6643,6419,6612
BTC,8/23/18,6334,6482,6257,6419
BTC,8/22/18,6452,6859,6317,6334
BTC,8/21/18,6454,6480,6239,6447
BTC,8/20/18,6519,6543,6393,6452
BTC,8/19/18,6359,6534,6317,6519
BTC,8/18/18,6476,6610,6310,6359
BTC,8/17/18,6256,6551,6234,6476
BTC,8/16/18,6377,6471,6223,6254
BTC,8/15/18,6081,6613,6073,6373
BTC,8/14/18,6277,6283,5900,6081
BTC,8/13/18,6339,6535,6165,6277
BTC,08/12/2018,6418,6465,6178,6339
BTC,08/11/2018,6191,6462,6009,6399
BTC,08/10/2018,6508,6622,6152,6186
BTC,08/09/2018,6316,6536,6204,6508
BTC,08/08/2018,6874,6879,6133,6316
BTC,08/07/2018,6920,7149,6845,6874
BTC,08/06/2018,7049,7146,6885,6920
BTC,08/05/2018,6982,7082,6894,7037
BTC,08/04/2018,7389,7485,6933,6982
BTC,08/03/2018,7556,7565,7290,7389
BTC,08/02/2018,7483,7701,7444,7556
BTC,08/01/2018,7693,7769,7469,7484
BTC,7/31/18,8152,8195,7672,7692
BTC,7/30/18,8192,8271,7860,8151
BTC,7/29/18,8169,8283,8124,8192
BTC,7/28/18,8228,8267,8074,8169
BTC,7/27/18,8138,8270,7799,8229
BTC,7/26/18,8181,8317,8113,8134
BTC,7/25/18,8227,8479,8062,8183
BTC,7/24/18,7703,8343,7694,8227
BTC,7/23/18,7520,7785,7344,7703
BTC,7/22/18,7416,7544,7351,7520
BTC,7/21/18,7351,7442,7217,7416
BTC,7/20/18,7421,7657,7273,7352
BTC,7/19/18,7336,7506,7285,7421
BTC,7/18/18,7311,7575,7245,7336
BTC,7/17/18,6663,7440,6647,7311
BTC,7/16/18,6374,6698,6332,6663
BTC,7/15/18,6273,6384,6234,6373
BTC,7/14/18,6186,6306,6184,6274
BTC,7/13/18,6173,6331,6088,6186
BTC,07/12/2018,6356,6382,6148,6173
BTC,07/11/2018,6388,6401,6289,6356
BTC,07/10/2018,6697,6792,6324,6388
BTC,07/09/2018,6747,6753,6673,6697
BTC,07/08/2018,6527,6811,6521,6749
BTC,07/07/2018,6569,6618,6514,6527
BTC,07/06/2018,6508,6623,6455,6569
BTC,07/05/2018,6687,6692,6454,6508
BTC,07/04/2018,6607,6784,6420,6687
BTC,07/03/2018,6620,6668,6538,6608
BTC,07/02/2018,6359,6665,6279,6620
BTC,07/01/2018,6350,6427,6262,6359
BTC,6/30/18,5897,6503,5897,6350
BTC,6/29/18,6043,6046,5800,5902
BTC,6/28/18,6127,6176,6033,6042
BTC,6/27/18,6183,6246,6007,6127
BTC,6/26/18,6250,6271,6137,6183
BTC,6/25/18,6188,6317,6086,6250
BTC,6/24/18,6135,6252,5785,6188
BTC,6/23/18,6073,6174,5938,6134
BTC,6/22/18,6718,6742,6022,6073
BTC,6/21/18,6750,6786,6685,6718
BTC,6/20/18,6696,6809,6562,6750
BTC,6/19/18,6727,6825,6675,6695
BTC,6/18/18,6490,6793,6388,6727
BTC,6/17/18,6525,6569,6449,6490
BTC,6/16/18,6498,6540,6334,6525
BTC,6/15/18,6656,6683,6452,6498
BTC,6/14/18,6259,6700,6241,6659
BTC,6/13/18,6529,6610,6133,6252
BTC,06/12/2018,6762,6899,6456,6529
BTC,06/11/2018,6719,6816,6652,6762
BTC,06/10/2018,7631,7631,6647,6719
BTC,06/09/2018,7646,7679,7576,7632
BTC,06/08/2018,7660,7694,7545,7646
BTC,06/07/2018,7622,7750,7616,7660
BTC,06/06/2018,7627,7670,7495,7622
BTC,06/05/2018,7524,7648,7373,7627
BTC,06/04/2018,7727,7755,7457,7524
BTC,06/03/2018,7616,7769,7598,7727
BTC,06/02/2018,7438,7683,7437,7616
BTC,06/01/2018,7539,7600,7355,7438
BTC,5/31/18,7338,7599,7324,7539
BTC,5/30/18,7499,7552,7286,7338
BTC,5/29/18,7218,7519,7054,7499
BTC,5/28/18,7313,7431,7177,7220
BTC,5/27/18,7526,7607,7227,7313
BTC,5/26/18,7448,7612,7363,7526
BTC,5/25/18,7549,7650,7345,7448
BTC,5/24/18,7588,7722,7273,7555
BTC,5/23/18,8106,8108,7443,7581
BTC,5/22/18,8409,8417,8093,8106
BTC,5/21/18,8554,8566,8325,8409
BTC,5/20/18,8266,8583,8172,8555
BTC,5/19/18,8227,8393,8154,8275
BTC,5/18/18,8206,8274,7931,8225
BTC,5/17/18,8294,8459,8133,8206
BTC,5/16/18,8524,8539,8110,8294
BTC,5/15/18,8816,8844,8435,8529
BTC,5/14/18,8715,8879,8296,8842
BTC,5/13/18,8436,8734,8343,8711
BTC,05/12/2018,8436,8643,8221,8436
BTC,05/11/2018,9094,9127,8389,8436
BTC,05/10/2018,9252,9383,9054,9094
BTC,05/09/2018,9158,9360,8976,9253
BTC,05/08/2018,9434,9455,9050,9158
BTC,05/07/2018,9518,9635,9189,9434
BTC,05/06/2018,9743,9910,9409,9540
BTC,05/05/2018,9689,9955,9676,9743
BTC,05/04/2018,9656,9791,9540,9689
BTC,05/03/2018,9181,9726,9162,9658
BTC,05/02/2018,9013,9182,8984,9168
BTC,05/01/2018,9275,9282,8842,9013
BTC,4/30/18,9293,9443,9125,9275
BTC,4/29/18,9365,9537,9183,9294
BTC,4/28/18,8976,9419,8874,9365
BTC,4/27/18,9108,9372,8964,8973
BTC,4/26/18,9074,9172,8661,9108
BTC,4/25/18,9451,9747,8734,9074
BTC,4/24/18,8932,9459,8914,9451
BTC,4/23/18,8894,8987,8762,8930
BTC,4/22/18,8773,9010,8754,8887
BTC,4/21/18,8522,9021,8512,8773
BTC,4/20/18,8234,8555,8221,8522
BTC,4/19/18,8188,8294,8105,8234
BTC,4/18/18,7915,8212,7867,8188
BTC,4/17/18,7990,8151,7834,7913
BTC,4/16/18,8287,8408,7909,7990
BTC,4/15/18,8072,8389,7967,8287
BTC,4/14/18,7902,8175,7813,8072
BTC,4/13/18,7730,8219,7711,7893
BTC,04/12/2018,6890,8055,6766,7727
BTC,04/11/2018,6840,6959,6787,6889
BTC,04/10/2018,6665,6860,6660,6840
BTC,04/09/2018,6953,7171,6617,6665
BTC,04/08/2018,7002,7095,6860,6956
BTC,04/07/2018,6603,7050,6538,7006
BTC,04/06/2018,6749,6850,6513,6602
BTC,04/05/2018,6847,6919,6584,6749
BTC,04/04/2018,7405,7438,6731,6847
BTC,04/03/2018,6979,7507,6978,7411
BTC,04/02/2018,6892,7108,6760,6920
BTC,04/01/2018,6926,7035,6443,6829
BTC,3/31/18,6912,7214,6760,6926
BTC,3/30/18,7069,7324,6594,6912
BTC,3/29/18,7871,8000,6916,6846
BTC,3/28/18,7998,8096,7745,7871
BTC,3/27/18,7885,8252,7751,7997
BTC,3/26/18,8622,8646,7863,7885
BTC,3/25/18,8679,8701,8381,8620
BTC,3/24/18,8655,9000,8633,8679
BTC,3/23/18,8613,8766,8296,8655
BTC,3/22/18,8920,9085,8495,8626
BTC,3/21/18,8994,9160,8613,8613
BTC,3/20/18,8381,9035,8324,8920
BTC,3/19/18,8271,8994,8068,8994
BTC,3/18/18,7950,8381,7336,8381
BTC,3/17/18,8502,8522,7756,7951
BTC,3/16/18,8303,8600,7924,8504
BTC,3/15/18,8019,8413,7677,8508
BTC,3/14/18,9101,9313,7955,8019
BTC,3/13/18,9104,9475,8861,8308
BTC,03/12/2018,9531,9885,8778,9104
BTC,03/11/2018,8838,9715,8475,9539
BTC,03/10/2018,9022,9505,8787,8838
BTC,03/09/2018,9341,9409,8371,9053
BTC,03/08/2018,9943,10109,9076,9341
BTC,03/07/2018,10788,10888,9468,9947
BTC,03/06/2018,11560,11603,10585,10793
BTC,03/05/2018,11400,11660,11335,11561
BTC,03/04/2018,11286,11475,11068,11397
BTC,03/03/2018,11016,11498,10952,11286
BTC,03/02/2018,10931,11166,10784,11034
BTC,03/01/2018,10532,11074,10222,10924
BTC,2/28/18,10745,11044,10384,10558
BTC,2/27/18,10366,10852,10147,10745
BTC,2/26/18,9588,10443,9386,10366
BTC,2/25/18,9499,9858,9305,9588
BTC,2/24/18,9916,10510,9381,9499
BTC,2/23/18,9912,10398,9593,9966
BTC,2/22/18,10291,10914,9731,9899
BTC,2/21/18,11712,11768,10244,10291
BTC,2/20/18,11079,11746,11056,11712
BTC,2/19/18,10772,11255,10314,11079
BTC,2/18/18,10845,11279,10156,10763
BTC,2/17/18,10084,10879,10053,10845
BTC,2/16/18,9883,10293,9719,10058
BTC,2/15/18,9289,10218,9251,9883
BTC,2/14/18,8553,9368,8483,9283
BTC,2/13/18,8830,8977,8370,8564
BTC,02/12/2018,8313,8903,8030,8830
BTC,02/11/2018,8269,8587,7845,8313
BTC,02/10/2018,8548,9071,8165,8269
BTC,02/09/2018,8174,8719,7755,8513
BTC,02/08/2018,8096,8621,7548,8208
BTC,02/07/2018,7755,8583,7208,8096
BTC,02/06/2018,7152,7957,5947,7755
BTC,02/05/2018,8085,8416,6584,7152
BTC,02/04/2018,9159,9363,7860,8095
BTC,02/03/2018,8588,9471,8176,9157
BTC,02/02/2018,9146,9164,7695,8524
BTC,02/01/2018,9999,10203,8564,9146
BTC,1/31/18,10125,10334,9628,9999
BTC,1/30/18,11224,11224,9810,10138
BTC,1/29/18,11762,11765,11008,11223
BTC,1/28/18,11554,11942,11317,11757
BTC,1/27/18,10899,11574,10773,11554
BTC,1/26/18,11241,11609,10321,10899
BTC,1/25/18,11213,11711,10889,11246
BTC,1/24/18,10986,11474,10497,11208
BTC,1/23/18,10264,11358,9972,10984
BTC,1/22/18,11348,11869,10051,10264
BTC,1/21/18,12904,12947,11096,11348
BTC,1/20/18,11343,13007,11245,12904
BTC,1/19/18,11551,11955,10989,11296
BTC,1/18/18,11378,12045,10664,11541
BTC,1/17/18,10617,11751,9200,11378
BTC,1/16/18,13919,13919,10352,10617
BTC,1/15/18,13378,14308,13378,13919
BTC,1/14/18,14173,14353,13052,13394
BTC,1/13/18,13744,14537,13599,14167
BTC,01/12/2018,13445,14095,12879,13695
BTC,01/11/2018,14482,14943,12846,13445
BTC,01/10/2018,14544,14694,13456,14482
BTC,01/09/2018,14915,15360,14170,14548
BTC,01/08/2018,16183,16466,13958,14901
BTC,01/07/2018,16849,17212,15770,16183
BTC,01/06/2018,16765,17118,16255,16849
BTC,01/05/2018,14921,16909,14817,16828
BTC,01/04/2018,15057,15395,14225,14921
BTC,01/03/2018,14770,15394,14589,15057
BTC,01/02/2018,13535,15217,12956,14770
BTC,01/01/2018,13996,14035,12860,13535
BTC,12/31/20,28898,29298,27989,28966
BTC,12/30/20,26870,28980,26870,28896
BTC,12/29/20,26606,27164,25926,26870
BTC,12/28/20,26303,27404,26136,26634
BTC,12/27/20,26666,28326,25824,26303
BTC,12/26/20,24409,26753,24379,26648
BTC,12/25/20,23399,24657,23379,24409
BTC,12/24/20,23295,23546,22689,23384
BTC,12/23/20,23434,24085,22863,23299
BTC,12/22/20,23138,23598,22385,23434
BTC,12/21/20,23406,24094,22080,23146
BTC,12/20/20,23988,24244,23117,23494
BTC,12/19/20,22898,24128,22805,24004
BTC,12/18/20,22775,23278,22398,22911
BTC,12/17/20,21200,23685,21200,22767
BTC,12/16/20,19431,21275,19319,21240
BTC,12/15/20,19199,19561,19086,19431
BTC,12/14/20,19182,19314,18996,19201
BTC,12/13/20,18800,19414,18734,19182
BTC,12/12/2020,18106,18837,18033,18794
BTC,12/11/2020,18351,18396,17604,18106
BTC,12/10/2020,18550,18650,17938,18352
BTC,12/09/2020,18776,18823,17653,18550
BTC,12/08/2020,19087,19302,18632,18784
BTC,12/07/2020,19249,19429,18924,19087
BTC,12/06/2020,19019,19339,18895,19246
BTC,12/05/2020,18828,19186,18512,19019
BTC,12/04/2020,19465,19550,18735,18833
BTC,12/03/2020,19160,19618,18920,19465
BTC,12/02/2020,19089,19337,18362,19161
BTC,12/01/2020,19380,19928,18229,19089
BTC,11/30/20,18267,19835,18094,19376
BTC,11/29/20,17765,18330,17556,18267
BTC,11/28/20,17037,17891,16895,17764
BTC,11/27/20,17122,17463,16508,17037
BTC,11/26/20,18859,18924,16311,17122
BTC,11/25/20,18938,19495,18649,18846
BTC,11/24/20,18419,19414,18120,18938
BTC,11/23/20,18585,18759,18012,18426
BTC,11/22/20,18635,18733,17666,18585
BTC,11/21/20,18586,18964,18443,18638
BTC,11/20/20,17939,18809,17732,18586
BTC,11/19/20,17781,18163,17377,17939
BTC,11/18/20,17633,18467,17318,17781
BTC,11/17/20,16717,17837,16569,17627
BTC,11/16/20,15859,16885,15795,16717
BTC,11/15/20,15996,16149,15824,15865
BTC,11/14/20,16287,16362,15738,15997
BTC,11/13/20,16155,16486,15984,16287
BTC,11/12/2020,15799,16204,15499,16150
BTC,11/11/2020,15393,15959,15293,15799
BTC,11/10/2020,15392,15470,15092,15393
BTC,11/09/2020,15333,15845,14866,15392
BTC,11/08/2020,14846,15652,14692,15347
BTC,11/07/2020,15549,15760,14428,14846
BTC,11/06/2020,15244,15937,15206,15561
BTC,11/05/2020,14005,15291,14005,15244
BTC,11/04/2020,13733,14240,13556,14002
BTC,11/03/2020,13619,13798,13308,13733
BTC,11/02/2020,13816,13837,13243,13622
BTC,11/01/2020,13847,13894,13645,13816
BTC,10/31/20,13644,14047,13440,13841
BTC,10/30/20,13484,13673,13146,13644
BTC,10/29/20,13208,13641,12990,13482
BTC,10/28/20,13619,13847,12925,13208
BTC,10/27/20,13025,13754,13000,13632
BTC,10/26/20,13038,13242,12810,13025
BTC,10/25/20,13103,13339,12911,13040
BTC,10/24/20,12941,13161,12887,13103
BTC,10/23/20,13128,13197,12746,12941
BTC,10/22/20,12856,13216,12706,13128
BTC,10/21/20,11904,12905,11889,12853
BTC,10/20/20,11732,12044,11693,11904
BTC,10/19/20,11447,11811,11419,11732
BTC,10/18/20,11357,11500,11345,11447
BTC,10/17/20,11319,11406,11283,11356
BTC,10/16/20,11558,11558,11231,11314
BTC,10/15/20,11398,11593,11288,11544
BTC,10/14/20,11437,11546,11306,11396
BTC,10/13/20,11564,11719,11322,11437
BTC,10/12/2020,11342,11599,11225,11564
BTC,10/11/2020,11371,11436,11277,11350
BTC,10/10/2020,11041,11464,11029,11371
BTC,10/09/2020,10894,11099,10848,11042
BTC,10/08/2020,10662,10945,10558,10894
BTC,10/07/2020,10557,10678,10546,10660
BTC,10/06/2020,10740,10797,10544,10557
BTC,10/05/2020,10652,10754,10635,10741
BTC,10/04/2020,10580,10700,10536,10652
BTC,10/03/2020,10540,10607,10475,10580
BTC,10/02/2020,10613,10668,10401,10540
BTC,10/01/2020,10707,10920,10471,10613
BTC,9/30/20,10761,10865,10675,10711
BTC,9/29/20,10871,10892,10647,10761
BTC,9/28/20,10727,10948,10712,10871
BTC,9/27/20,10721,10802,10609,10727
BTC,9/26/20,10713,10798,10661,10720
BTC,9/25/20,10624,10772,10576,10713
BTC,9/24/20,10216,10705,10204,10637
BTC,9/23/20,10521,10579,10144,10216
BTC,9/22/20,10479,10539,10379,10520
BTC,9/21/20,10858,10988,10323,10479
BTC,9/20/20,11093,11093,10782,10861
BTC,9/19/20,10900,11164,10892,11093
BTC,9/18/20,10938,11040,10833,10900
BTC,9/17/20,11000,11058,10765,10938
BTC,9/16/20,10870,11101,10681,11000
BTC,9/15/20,10697,10944,10634,10870
BTC,9/14/20,10324,10752,10262,10694
BTC,9/13/20,10446,10586,10231,10324
BTC,09/12/2020,10329,10485,10289,10447
BTC,09/11/2020,10308,10384,10222,10329
BTC,09/10/2020,10265,10476,10187,10307
BTC,09/09/2020,10027,10351,9891,10265
BTC,09/08/2020,10142,10437,9953,10030
BTC,09/07/2020,10243,10354,9893,10142
BTC,09/06/2020,10112,10308,9970,10242
BTC,09/05/2020,10610,10639,9905,10112
BTC,09/04/2020,10793,10812,10042,10610
BTC,09/03/2020,11372,11461,10558,10794
BTC,09/02/2020,12023,12051,11223,11372
BTC,09/01/2020,11685,12062,11561,12023
BTC,8/31/20,11643,11785,11580,11683
BTC,8/30/20,11528,11694,11477,11643
BTC,8/29/20,11500,11591,11448,11528
BTC,8/28/20,11271,11553,11258,11500
BTC,8/27/20,11499,11573,11152,11272
BTC,8/26/20,11275,11542,11270,11499
BTC,8/25/20,11743,11792,11150,11272
BTC,8/24/20,11674,11832,11609,11743
BTC,8/23/20,11616,11724,11537,11680
BTC,8/22/20,11625,11658,11395,11616
BTC,8/21/20,11871,11899,11624,11634
BTC,8/20/20,11733,11896,11697,11871
BTC,8/19/20,12035,12103,11630,11728
BTC,8/18/20,12331,12413,11875,12035
BTC,8/17/20,11857,12466,11779,12329
BTC,8/16/20,11876,11981,11716,11857
BTC,8/15/20,11777,11987,11731,11876
BTC,8/14/20,11621,11864,11621,11777
BTC,8/13/20,11575,11655,11291,11640
BTC,08/12/2020,11239,11624,11151,11573
BTC,08/11/2020,11871,11940,11159,11239
BTC,08/10/2020,11681,12070,11557,11866
BTC,08/09/2020,11715,11803,11542,11681
BTC,08/08/2020,11581,11812,11549,11715
BTC,08/07/2020,11854,11920,11370,11581
BTC,08/06/2020,11692,11917,11590,11854
BTC,08/05/2020,11216,11724,11117,11692
BTC,08/04/2020,11387,11421,11068,11213
BTC,08/03/2020,11097,11479,10986,11387
BTC,08/02/2020,11835,12097,10711,11102
BTC,08/01/2020,11359,11874,11245,11835
BTC,7/31/20,11152,11462,10981,11359
BTC,7/30/20,11219,11335,10871,11155
BTC,7/29/20,10982,11290,10855,11230
BTC,7/28/20,10889,11387,10595,10982
BTC,7/27/20,9893,10906,9882,10862
BTC,7/26/20,9729,10128,9670,9893
BTC,7/25/20,9629,9742,9538,9734
BTC,7/24/20,9594,9634,9482,9629
BTC,7/23/20,9380,9674,9376,9594
BTC,7/22/20,9382,9402,9305,9380
BTC,7/21/20,9178,9440,9155,9382
BTC,7/20/20,9176,9225,9149,9178
BTC,7/19/20,9185,9192,9119,9176
BTC,7/18/20,9159,9208,9131,9185
BTC,7/17/20,9104,9185,8608,9159
BTC,7/16/20,9216,9231,9051,9103
BTC,7/15/20,9272,9277,9170,9216
BTC,7/14/20,9256,9278,9135,9272
BTC,7/13/20,9239,9332,9210,9256
BTC,07/12/2020,9224,9345,9176,9240
BTC,07/11/2020,9237,9313,9190,9224
BTC,07/10/2020,9244,9260,9133,9237
BTC,07/09/2020,9435,9473,9197,9244
BTC,07/08/2020,9258,9462,9239,9435
BTC,07/07/2020,9279,9372,9220,9258
BTC,07/06/2020,9022,9353,8938,9280
BTC,07/05/2020,9131,9149,9012,9022
BTC,07/04/2020,9097,9188,9054,9132
BTC,07/03/2020,9087,9147,9066,9097
BTC,07/02/2020,9243,9266,8963,9087
BTC,07/01/2020,9150,9300,9102,9243
BTC,6/30/20,9179,9231,9069,9150
BTC,6/29/20,9111,9192,9034,9178
BTC,6/28/20,8957,9189,8945,9111
BTC,6/27/20,9201,9212,8859,8957
BTC,6/26/20,9277,9333,9053,9201
BTC,6/25/20,9296,9320,9018,9278
BTC,6/24/20,9635,9669,9216,9296
BTC,6/23/20,9640,9752,9579,9644
BTC,6/22/20,9313,9655,9278,9640
BTC,6/21/20,9319,9405,9301,9313
BTC,6/20/20,9317,9347,9211,9319
BTC,6/19/20,9349,9417,9237,9316
BTC,6/18/20,9373,9476,9318,9349
BTC,6/17/20,9499,9553,9255,9379
BTC,6/16/20,9483,9594,9383,9499
BTC,6/15/20,9384,9484,8927,9484
BTC,6/14/20,9408,9478,9336,9384
BTC,6/13/20,9457,9492,9366,9407
BTC,06/12/2020,9343,9558,9245,9457
BTC,06/11/2020,9870,9959,9198,9338
BTC,06/10/2020,9757,9975,9717,9870
BTC,06/09/2020,9709,9855,9630,9758
BTC,06/08/2020,9731,9796,9663,9709
BTC,06/07/2020,9708,9793,9409,9707
BTC,06/06/2020,9715,9734,9550,9708
BTC,06/05/2020,9786,9854,9622,9715
BTC,06/04/2020,9586,9870,9477,9786
BTC,06/03/2020,9529,9637,9434,9585
BTC,06/02/2020,9671,10339,9364,9529
BTC,06/01/2020,9504,9691,9400,9691
BTC,5/31/20,9439,9728,9437,9504
BTC,5/30/20,9417,9594,9337,9439
BTC,5/29/20,9451,9614,9348,9417
BTC,5/28/20,9165,9518,9062,9453
BTC,5/27/20,8867,9216,8810,9163
BTC,5/26/20,8917,9005,8723,8867
BTC,5/25/20,9006,9080,8679,8917
BTC,5/24/20,9235,9300,8861,9006
BTC,5/23/20,9191,9308,9100,9235
BTC,5/22/20,9075,9263,8946,9191
BTC,5/21/20,9592,9594,8819,9075
BTC,5/20/20,9698,9832,9380,9592
BTC,5/19/20,9684,9882,9478,9698
BTC,5/18/20,9741,9924,9509,9684
BTC,5/17/20,9378,9867,9337,9741
BTC,5/16/20,9225,9576,9212,9385
BTC,5/15/20,9656,9847,9177,9225
BTC,5/14/20,9312,9936,9281,9655
BTC,5/13/20,8831,9331,8751,9312
BTC,05/12/2020,8636,8976,8495,8832
BTC,05/11/2020,8693,9142,8239,8636
BTC,05/10/2020,9666,9685,8222,8700
BTC,05/09/2020,9994,10017,9557,9666
BTC,05/08/2020,9788,10045,9742,9994
BTC,05/07/2020,9251,9959,9088,9774
BTC,05/06/2020,8960,9379,8924,9251
BTC,05/05/2020,8930,9113,8782,8969
BTC,05/04/2020,8853,8952,8549,8930
BTC,05/03/2020,8946,9216,8740,8861
BTC,05/02/2020,8741,9027,8729,8946
BTC,05/01/2020,8838,9070,8610,8741
BTC,4/30/20,8918,9448,8446,8830
BTC,4/29/20,7745,8970,7724,8918
BTC,4/28/20,7712,7789,7669,7744
BTC,4/27/20,7603,7750,7603,7708
BTC,4/26/20,7600,7700,7535,7603
BTC,4/25/20,7503,7602,7499,7600
BTC,4/24/20,7557,7609,7416,7531
BTC,4/23/20,7138,7690,7042,7536
BTC,4/22/20,6857,7164,6856,7115
BTC,4/21/20,6897,6906,6779,6891
BTC,4/20/20,7151,7222,6851,6866
BTC,4/19/20,7223,7250,7070,7152
BTC,4/18/20,7087,7279,7068,7223
BTC,4/17/20,7046,7136,7009,7062
BTC,4/16/20,6756,7145,6635,7046
BTC,4/15/20,6872,6935,6696,6756
BTC,4/14/20,6763,6983,6763,6872
BTC,4/13/20,7143,7143,6628,6827
BTC,04/12/2020,6814,7196,6795,7143
BTC,04/11/2020,6910,6949,6796,6814
BTC,04/10/2020,7315,7315,6766,6919
BTC,04/09/2020,7341,7364,7119,7302
BTC,04/08/2020,7360,7419,7218,7327
BTC,04/07/2020,7298,7459,7082,7118
BTC,04/06/2020,6762,7306,6731,7298
BTC,04/05/2020,6854,6892,6691,6762
BTC,04/04/2020,6704,6968,6681,6854
BTC,04/03/2020,6833,7043,6631,6710
BTC,04/02/2020,6357,7219,6357,6833
BTC,04/01/2020,6482,6498,6169,6362
BTC,3/31/20,6478,6575,6350,6482
BTC,3/30/20,5955,6497,5867,6472
BTC,3/29/20,6263,6274,5881,5954
BTC,3/28/20,6681,6703,6045,6263
BTC,3/27/20,6739,6842,6588,6679
BTC,3/26/20,6598,6772,6550,6739
BTC,3/25/20,6751,6967,6489,6597
BTC,3/24/20,6413,6831,6377,6751
BTC,3/23/20,5934,6614,5730,6408
BTC,3/22/20,6336,6450,5812,5934
BTC,3/21/20,5964,6376,5897,6343
BTC,3/20/20,6241,6891,5690,5968
BTC,3/19/20,5339,6365,5267,6241
BTC,3/18/20,5474,5524,5031,5338
BTC,3/17/20,4904,5502,4882,5474
BTC,3/16/20,5188,5959,4461,4904
BTC,3/15/20,5354,5583,5074,5187
BTC,3/14/20,5436,5766,5224,5354
BTC,3/13/20,5747,6029,3966,5435
BTC,03/12/2020,7872,7992,5626,5772
BTC,03/11/2020,8007,8044,7617,7872
BTC,03/10/2020,7860,8163,7772,7984
BTC,03/09/2020,8285,8301,7665,7860
BTC,03/08/2020,8899,8938,8204,8286
BTC,03/07/2020,9145,9210,8874,8900
BTC,03/06/2020,9123,9182,9006,9145
BTC,03/05/2020,8741,9170,8740,9126
BTC,03/04/2020,8749,8854,8693,8741
BTC,03/03/2020,8952,8977,8676,8749
BTC,03/02/2020,8524,8954,8505,8951
BTC,03/01/2020,8641,8752,8439,8524
BTC,2/29/20,8676,8814,8596,8640
BTC,2/28/20,8760,8903,8446,8676
BTC,2/27/20,8754,8971,8535,8756
BTC,2/26/20,9391,9425,8648,8763
BTC,2/25/20,9607,9673,9262,9383
BTC,2/24/20,9886,10019,9494,9607
BTC,2/23/20,9693,9991,9665,9886
BTC,2/22/20,9667,9724,9573,9693
BTC,2/21/20,9613,9759,9580,9667
BTC,2/20/20,9599,9694,9470,9613
BTC,2/19/20,10134,10287,9392,9608
BTC,2/18/20,9653,10262,9622,10134
BTC,2/17/20,9776,9996,9484,9652
BTC,2/16/20,9921,10040,9656,9776
BTC,2/15/20,10339,10387,9826,9921
BTC,2/14/20,10180,10383,10103,10339
BTC,2/13/20,10385,10492,10097,10182
BTC,02/12/2020,10225,10471,10216,10379
BTC,02/11/2020,9865,10379,9717,10225
BTC,02/10/2020,10073,10188,9744,9865
BTC,02/09/2020,9924,10169,9865,10073
BTC,02/08/2020,9740,9934,9663,9924
BTC,02/07/2020,9732,9862,9667,9740
BTC,02/06/2020,9693,9851,9540,9731
BTC,02/05/2020,9150,9751,9143,9693
BTC,02/04/2020,9281,9349,9094,9149
BTC,02/03/2020,9450,9588,9232,9281
BTC,02/02/2020,9371,9478,9162,9450
BTC,02/01/2020,9362,9459,9303,9371
BTC,1/31/20,9549,9559,9217,9362
BTC,1/30/20,9362,9557,9197,9547
BTC,1/29/20,9051,9423,9049,9362
BTC,1/28/20,8954,9183,8886,9061
BTC,1/27/20,8591,8989,8552,8954
BTC,1/26/20,8377,8598,8294,8591
BTC,1/25/20,8501,8505,8268,8376
BTC,1/24/20,8391,8511,8230,8501
BTC,1/23/20,8641,8665,8290,8391
BTC,1/22/20,8723,8784,8577,8641
BTC,1/21/20,8667,8771,8507,8724
BTC,1/20/20,8718,8741,8519,8667
BTC,1/19/20,8910,9176,8484,8718
BTC,1/18/20,8898,8973,8806,8910
BTC,1/17/20,8682,8992,8672,8897
BTC,1/16/20,8816,8856,8591,8682
BTC,1/15/20,8732,8881,8577,8816
BTC,1/14/20,8133,8826,8105,8732
BTC,1/13/20,8100,8193,8054,8133
BTC,01/12/2020,8102,8172,7964,8106
BTC,01/11/2020,8054,8273,7989,8106
BTC,01/10/2020,7787,8126,7685,8054
BTC,01/09/2020,8004,8104,7754,7789
BTC,01/08/2020,8020,8454,7881,8004
BTC,01/07/2020,7579,8187,7579,8020
BTC,01/06/2020,7370,7603,7327,7574
BTC,01/05/2020,7349,7493,7336,7376
BTC,01/04/2020,7281,7399,7269,7349
BTC,01/03/2020,6975,7411,6880,7280
BTC,01/02/2020,7229,7230,6929,6975
BTC,01/01/2020,7171,7245,7167,7229
BTC,12/31/21,47239,48564,45715,46322
BTC,12/30/21,47233,47893,46019,47239
BTC,12/29/21,47586,48152,46664,47210
BTC,12/28/21,50990,51228,47330,47586
BTC,12/27/21,50802,51976,50487,50996
BTC,12/26/21,51003,51003,49568,50802
BTC,12/25/21,50898,51144,50220,51001
BTC,12/24/21,50849,51836,50513,50898
BTC,12/23/21,49082,51364,48077,50843
BTC,12/22/21,49103,49557,48477,49082
BTC,12/21/21,47013,49318,46676,49059
BTC,12/20/21,46741,47524,45581,47013
BTC,12/19/21,46941,48285,46468,46741
BTC,12/18/21,46946,47335,45557,46941
BTC,12/17/21,48139,48163,45539,46946
BTC,12/16/21,49221,49398,47715,48139
BTC,12/15/21,48280,49495,46631,49221
BTC,12/14/21,46892,48639,46378,48280
BTC,12/13/21,49981,50380,45871,46892
BTC,12/12/2021,48847,50767,48672,49981
BTC,12/11/2021,47984,49285,46880,48847
BTC,12/10/2021,47996,49982,47355,47984
BTC,12/09/2021,50634,50851,47377,47996
BTC,12/08/2021,50500,51182,48750,50634
BTC,12/07/2021,50126,51942,50126,50500
BTC,12/06/2021,49275,50426,47290,50007
BTC,12/05/2021,48770,49746,47892,49275
BTC,12/04/2021,53648,53874,42169,48745
BTC,12/03/2021,56904,57464,52653,53672
BTC,12/02/2021,57026,57362,55859,56904
BTC,12/01/2021,57144,59093,56547,57026
BTC,11/30/21,58266,59146,55932,57144
BTC,11/29/21,56281,58878,56104,58266
BTC,11/28/21,54601,56402,53578,56281
BTC,11/27/21,54101,55339,53605,54601
BTC,11/26/21,58834,59342,53577,54101
BTC,11/25/21,57334,59399,56918,58834
BTC,11/24/21,57696,57755,55928,57334
BTC,11/23/21,56278,57847,55537,57696
BTC,11/22/21,59568,59574,55706,56278
BTC,11/21/21,59682,60044,58630,59568
BTC,11/20/21,57924,59725,57570,59682
BTC,11/19/21,57606,58396,55688,57924
BTC,11/18/21,60101,60956,56777,57583
BTC,11/17/21,60509,61067,58567,60101
BTC,11/16/21,63864,64015,58870,60557
BTC,11/15/21,64361,66311,63659,63864
BTC,11/14/21,64317,65297,63673,64373
BTC,11/13/21,64130,64941,63412,64317
BTC,11/12/2021,65030,65459,62334,64072
BTC,11/11/2021,64193,65597,63984,65030
BTC,11/10/2021,67802,68925,63052,64387
BTC,11/09/2021,66143,68494,66112,67802
BTC,11/08/2021,62862,66504,62817,66175
BTC,11/07/2021,61226,63058,61226,62862
BTC,11/06/2021,60966,61594,60184,61223
BTC,11/05/2021,61364,62571,60791,60966
BTC,11/04/2021,62769,63211,60776,61378
BTC,11/03/2021,63140,63543,61029,62769
BTC,11/02/2021,60652,64243,60460,63140
BTC,11/01/2021,60968,62466,59716,60652
BTC,10/31/21,61698,62400,60058,60968
BTC,10/30/21,62420,62490,60876,61705
BTC,10/29/21,61398,62943,60315,62420
BTC,10/28/21,58957,62321,57964,61465
BTC,10/27/21,62095,62095,58153,58957
BTC,10/26/21,62546,63272,61863,62068
BTC,10/25/21,61153,63688,60654,62546
BTC,10/24/21,61087,61451,59571,61124
BTC,10/23/21,60728,61716,59764,61087
BTC,10/22/21,62707,63694,60100,60752
BTC,10/21/21,65980,66612,62368,62707
BTC,10/20/21,64120,66923,63594,65971
BTC,10/19/21,61369,64322,61139,64120
BTC,10/18/21,59472,62626,59395,61445
BTC,10/17/21,61013,61408,59071,59472
BTC,10/16/21,62496,62526,60184,61024
BTC,10/15/21,57449,62719,56896,62496
BTC,10/14/21,56988,58488,56916,57491
BTC,10/13/21,55364,57479,54325,56988
BTC,10/12/2021,57390,57631,54404,55364
BTC,10/11/2021,55425,57767,54445,57390
BTC,10/10/2021,54651,56370,54211,55425
BTC,10/09/2021,53951,55410,53738,54651
BTC,10/08/2021,54205,55981,53659,53951
BTC,10/07/2021,54903,55588,53496,54205
BTC,10/06/2021,51378,55399,50476,54903
BTC,10/05/2021,49016,51757,48595,51378
BTC,10/04/2021,48465,49491,46993,49016
BTC,10/03/2021,48045,49158,47139,48552
BTC,10/02/2021,48139,48441,47480,48045
BTC,10/01/2021,43432,48122,43302,48110
BTC,9/30/21,41133,44110,40984,43432
BTC,9/29/21,41792,42538,40806,41114
BTC,9/28/21,42708,43364,41145,41792
BTC,9/27/21,43607,44318,42689,42696
BTC,9/26/21,42719,43695,40827,43607
BTC,9/25/21,43001,43162,41750,42719
BTC,9/24/21,44679,45076,40944,43001
BTC,9/23/21,43445,44932,43051,44679
BTC,9/22/21,40971,43988,39721,43445
BTC,9/21/21,43489,43904,40391,40971
BTC,9/20/21,47588,47660,42636,43489
BTC,9/19/21,48008,48359,47182,47588
BTC,9/18/21,47028,48797,46828,48008
BTC,9/17/21,47102,48167,46775,47028
BTC,9/16/21,47941,48497,47063,47102
BTC,9/15/21,46828,48436,46418,47948
BTC,9/14/21,45186,46926,44724,46828
BTC,9/13/21,45023,46697,43561,45144
BTC,09/12/2021,45317,46198,44781,45023
BTC,09/11/2021,45094,46000,44304,45333
BTC,09/10/2021,46265,47041,44879,45094
BTC,09/09/2021,46154,47384,45586,46268
BTC,09/08/2021,46825,47357,44548,46154
BTC,09/07/2021,51930,52918,43917,46777
BTC,09/06/2021,51753,52142,51044,51930
BTC,09/05/2021,50195,51652,49527,51652
BTC,09/04/2021,50152,50543,49535,50195
BTC,09/03/2021,49553,50999,48379,50184
BTC,09/02/2021,48271,50333,48268,49556
BTC,09/01/2021,47008,48953,46567,48279
BTC,8/31/21,48670,48679,46725,46996
BTC,8/30/21,48927,49394,47500,48670
BTC,8/29/21,48760,49605,47922,48897
BTC,8/28/21,48913,49306,48405,48760
BTC,8/27/21,47048,49076,46383,48946
BTC,8/26/21,48721,49372,46444,47048
BTC,8/25/21,48364,49147,47193,48748
BTC,8/24/21,49525,49852,47856,48364
BTC,8/23/21,48425,50478,48315,49509
BTC,8/22/21,49070,49466,48225,48425
BTC,8/21/21,48653,49799,48374,48988
BTC,8/20/21,46587,48993,46361,48653
BTC,8/19/21,44593,46831,44016,46568
BTC,8/18/21,45017,45965,44283,44593
BTC,8/17/21,46065,47140,44601,45017
BTC,8/16/21,46750,48047,45728,46065
BTC,8/15/21,46665,47349,45615,46750
BTC,8/14/21,47545,48103,46201,46665
BTC,8/13/21,44440,47775,43912,47545
BTC,08/12/2021,46340,46391,43844,44440
BTC,08/11/2021,45627,46752,45276,46340
BTC,08/10/2021,45482,46608,44695,45627
BTC,08/09/2021,43855,46431,42832,45482
BTC,08/08/2021,43945,45276,43331,43855
BTC,08/07/2021,42696,44557,42404,43945
BTC,08/06/2021,40908,43314,39942,42673
BTC,08/05/2021,39745,41367,37454,40908
BTC,08/04/2021,38113,39851,37558,39706
BTC,08/03/2021,38861,39773,37768,38113
BTC,08/02/2021,41310,41313,38720,38857
BTC,08/01/2021,41516,42551,40694,41310
BTC,7/31/21,40860,42247,40693,41516
BTC,7/30/21,39722,41290,38389,40860
BTC,7/29/21,40068,40630,39337,39722
BTC,7/28/21,38000,40830,37988,40068
BTC,7/27/21,37598,38732,36453,38000
BTC,7/26/21,34481,40502,34455,37598
BTC,7/25/21,33919,34800,33851,34481
BTC,7/24/21,32477,34518,32476,33919
BTC,7/23/21,32257,32879,32038,32477
BTC,7/22/21,31864,32597,31716,32257
BTC,7/21/21,29864,32800,29513,31864
BTC,7/20/21,30793,31004,29336,29864
BTC,7/19/21,31663,31920,30568,30793
BTC,7/18/21,31755,32404,31159,31663
BTC,7/17/21,31850,31932,31224,31755
BTC,7/16/21,31748,32233,31085,31850
BTC,7/15/21,32811,33162,31174,31748
BTC,7/14/21,32519,33066,31628,32811
BTC,7/13/21,32833,33315,32239,32519
BTC,07/12/2021,33859,34611,32660,32833
BTC,07/11/2021,33329,34077,33279,33859
BTC,07/10/2021,33508,34229,33098,33329
BTC,07/09/2021,32788,33667,32302,33508
BTC,07/08/2021,34550,34550,32142,32788
BTC,07/07/2021,33941,35040,33724,34550
BTC,07/06/2021,33847,35058,33601,33941
BTC,07/05/2021,35542,35945,33171,33847
BTC,07/04/2021,34715,35679,34297,35542
BTC,07/03/2021,33124,34926,33106,34715
BTC,07/02/2021,33411,33955,32747,33124
BTC,07/01/2021,34585,35203,32819,33411
BTC,6/30/21,36156,36301,34075,34585
BTC,6/29/21,34682,36548,34142,36156
BTC,6/28/21,32648,35224,32493,34721
BTC,6/27/21,31315,33555,30968,32648
BTC,6/26/21,32212,32638,30190,31329
BTC,6/25/21,34858,35496,31508,32212
BTC,6/24/21,33066,35228,32364,34857
BTC,6/23/21,32895,34789,31772,33066
BTC,6/22/21,32622,33240,29002,32895
BTC,6/21/21,35853,35905,31822,32622
BTC,6/20/21,36193,36193,33400,35853
BTC,6/19/21,35493,36396,34888,36193
BTC,6/18/21,37752,38186,35204,35493
BTC,6/17/21,38550,39510,37448,37752
BTC,6/16/21,39943,40473,38364,38550
BTC,6/15/21,39836,41289,39612,39949
BTC,6/14/21,40926,40926,39382,39809
BTC,6/13/21,36041,38830,34982,38830
BTC,06/12/2021,37331,37342,35509,36041
BTC,06/11/2021,36410,37537,36217,37331
BTC,06/10/2021,36387,38389,35850,36410
BTC,06/09/2021,33625,36825,32466,36406
BTC,06/08/2021,34454,34630,31101,33638
BTC,06/07/2021,35938,36767,34155,34471
BTC,06/06/2021,35857,36454,34874,35897
BTC,06/05/2021,37071,37942,35396,35826
BTC,06/04/2021,38691,39277,35626,37071
BTC,06/03/2021,37739,39469,37249,38693
BTC,06/02/2021,36313,38213,35976,37739
BTC,06/01/2021,36677,37852,35792,36330
BTC,5/31/21,36080,37465,34230,36677
BTC,5/30/21,34266,36354,33554,36115
BTC,5/29/21,35260,37236,33687,34266
BTC,5/28/21,38476,39189,35201,35245
BTC,5/27/21,38756,40401,37266,38476
BTC,5/26/21,37656,40859,37526,38731
BTC,5/25/21,39067,39845,36553,37656
BTC,5/24/21,33791,39831,33715,38999
BTC,5/23/21,38093,38397,31228,33791
BTC,5/22/21,35250,38800,33623,38086
BTC,5/21/21,40108,42124,35263,35263
BTC,5/20/21,38468,42569,35132,40108
BTC,5/19/21,43367,43569,30445,38390
BTC,5/18/21,44853,45816,42539,43318
BTC,5/17/21,44062,46552,42162,44843
BTC,5/16/21,48266,49812,43893,44062
BTC,5/15/21,49351,50661,47128,48255
BTC,5/14/21,49253,51543,48528,49351
BTC,5/13/21,54540,54820,46710,49253
BTC,05/12/2021,56942,57977,53646,54540
BTC,05/11/2021,55328,56949,54612,56942
BTC,05/10/2021,58001,59552,54000,55328
BTC,05/09/2021,59014,59318,56530,57982
BTC,05/08/2021,57713,59556,56915,59014
BTC,05/07/2021,55987,58683,55350,57699
BTC,05/06/2021,56863,58334,55427,55987
BTC,05/05/2021,54842,57909,53058,56854
BTC,05/04/2021,56821,57465,53330,54842
BTC,05/03/2021,57016,58973,56306,56826
BTC,05/02/2021,57685,57948,56130,57016
BTC,05/01/2021,56812,58459,56726,57700
BTC,4/30/21,52991,57295,52871,56803
BTC,4/29/21,54456,55191,52408,53006
BTC,4/28/21,55180,56369,53913,54456
BTC,4/27/21,53297,55289,52689,55067
BTC,4/26/21,48065,54363,47110,53297
BTC,4/25/21,50955,51113,48075,48075
BTC,4/24/21,50556,51215,48821,50955
BTC,4/23/21,51597,52220,47657,50620
BTC,4/22/21,55029,55410,51515,51843
BTC,4/21/21,56781,57079,54346,55029
BTC,4/20/21,56175,57035,53463,56852
BTC,4/19/21,56231,57554,54305,56175
BTC,4/18/21,60843,60966,51907,56239
BTC,4/17/21,61977,62490,59747,60843
BTC,4/16/21,63381,63769,60081,61962
BTC,4/15/21,62403,63649,62034,63381
BTC,4/14/21,63196,64788,61368,62357
BTC,4/13/21,60000,63621,59783,63196
BTC,04/12/2021,59607,61224,59429,60011
BTC,04/11/2021,58606,60649,58599,59607
BTC,04/10/2021,58354,61197,57876,58621
BTC,04/09/2021,57677,58879,57473,58354
BTC,04/08/2021,56221,58134,55752,57681
BTC,04/07/2021,58244,58624,55494,56157
BTC,04/06/2021,58800,59469,57391,58244
BTC,04/05/2021,58030,59231,56886,58810
BTC,04/04/2021,58038,58463,56504,58030
BTC,04/03/2021,58655,59797,57848,58063
BTC,04/02/2021,58862,60118,58526,58655
BTC,04/01/2021,58932,59441,58021,58855
BTC,3/31/21,58671,59831,57054,58932
BTC,3/30/21,57250,59408,57078,58671
BTC,3/29/21,54863,58335,54830,57176
BTC,3/28/21,55909,56616,54740,54863
BTC,3/27/21,54014,56254,53986,55916
BTC,3/26/21,51989,54262,51309,54014
BTC,3/25/21,54175,54175,50485,51989
BTC,3/24/21,54445,57159,53294,54175
BTC,3/23/21,54610,55816,53100,54346
BTC,3/22/21,57788,58373,54316,54610
BTC,3/21/21,58466,58792,55578,57792
BTC,3/20/21,58404,59909,57890,58466
BTC,3/19/21,57533,59436,56303,58426
BTC,3/18/21,57706,60040,57145,57533
BTC,3/17/21,56392,58197,54298,57834
BTC,3/16/21,56398,56952,53311,56379
BTC,3/15/21,60259,60738,55030,56398
BTC,3/14/21,61002,61674,59348,60173
BTC,3/13/21,56990,61732,56144,61002
BTC,03/12/2021,57721,58118,55160,56981
BTC,03/11/2021,56954,57918,54416,57721
BTC,03/10/2021,54313,57357,53235,56932
BTC,03/09/2021,51883,54818,51448,54313
BTC,03/08/2021,50104,51949,49368,51896
BTC,03/07/2021,48592,51343,48552,50104
BTC,03/06/2021,49138,49391,47147,48583
BTC,03/05/2021,47917,49442,46472,49138
BTC,03/04/2021,50952,51777,47555,47924
BTC,03/03/2021,47466,52564,47422,50952
BTC,03/02/2021,48844,50200,47144,47477
BTC,03/01/2021,45254,49412,44970,48844
BTC,2/28/21,46844,46859,43197,45255
BTC,2/27/21,45680,48321,45118,46844
BTC,2/26/21,48199,48821,44246,45621
BTC,2/25/21,48720,52054,48119,48199
BTC,2/24/21,48084,51337,47039,48720
BTC,2/23/21,54919,55032,45212,48016
BTC,2/22/21,57332,57616,48034,54919
BTC,2/21/21,56523,58315,54040,57332
BTC,2/20/21,55493,57485,55101,56501
BTC,2/19/21,52051,56211,50880,55493
BTC,2/18/21,52333,52524,51023,52059
BTC,2/17/21,48607,52619,48590,52333
BTC,2/16/21,48183,50513,47186,48642
BTC,2/15/21,48840,49277,45944,48183
BTC,2/14/21,47210,49698,46954,48921
BTC,2/13/21,47962,48143,46342,47210
BTC,02/12/2021,46943,48842,46438,47853
BTC,02/11/2021,45050,48593,44090,46943
BTC,02/10/2021,47357,47357,43783,45039
BTC,02/09/2021,44692,48219,44356,47357
BTC,02/08/2021,38610,44797,38085,44797
BTC,02/07/2021,40085,40481,37422,38610
BTC,02/06/2021,37853,40972,37714,40103
BTC,02/05/2021,37687,38325,36642,37853
BTC,02/04/2021,37284,38725,36281,37712
BTC,02/03/2021,35710,37450,35473,37284
BTC,02/02/2021,33667,35982,33470,35686
BTC,02/01/2021,32608,34698,32397,33667
BTC,1/31/21,34649,34789,32237,32626
BTC,1/30/21,34642,35344,32880,34649
BTC,1/29/21,33274,38641,32002,34715
BTC,1/28/21,30941,33286,29970,33274
BTC,1/27/21,31993,32879,29288,31030
BTC,1/26/21,32681,32812,30921,31993
BTC,1/25/21,31934,34860,31731,32643
BTC,1/24/21,32399,33069,31012,31934
BTC,1/23/21,33375,33642,31471,32340
BTC,1/22/21,31275,33842,28898,33375
BTC,1/21/21,34919,35664,31048,31275
BTC,1/20/21,36494,36788,33487,34892
BTC,1/19/21,36252,37843,36170,36494
BTC,1/18/21,36530,37433,34841,36255
BTC,1/17/21,35935,36828,33928,36530
BTC,1/16/21,36324,37938,35624,35785
BTC,1/15/21,38757,39673,34446,36324
BTC,1/14/21,37248,40030,36799,38863
BTC,1/13/21,34736,37358,32466,37248
BTC,01/12/2021,34088,36612,32585,34766
BTC,01/11/2021,37984,38931,30323,34184
BTC,01/10/2021,40802,41423,35193,37984
BTC,01/09/2021,39927,41401,38775,40769
BTC,01/08/2021,39596,41958,36722,39927
BTC,01/07/2021,35934,40358,35806,39596
BTC,01/06/2021,33788,36452,33478,35848
BTC,01/05/2021,31029,34221,29991,33788
BTC,01/04/2021,33581,33649,28258,31027
BTC,01/03/2021,31714,34524,31494,33581
BTC,01/02/2021,29243,33219,29050,31690
BTC,01/01/2021,28965,29650,28754,29259
BTC,5/31/23,27777,27837,26884,27120
BTC,5/30/23,27680,28019,27573,27777
BTC,5/29/23,27552,28419,27537,27680
BTC,5/28/23,26759,27661,26747,27552
BTC,5/27/23,26752,26832,26629,26759
BTC,5/26/23,26481,26913,26338,26752
BTC,5/25/23,26443,26614,25924,26481
BTC,5/24/23,27216,27241,26111,26443
BTC,5/23/23,26895,27429,26802,27216
BTC,5/22/23,26855,27048,26555,26895
BTC,5/21/23,27027,27255,26819,26855
BTC,5/20/23,26836,27159,26836,27027
BTC,5/19/23,26741,27139,26642,26836
BTC,5/18/23,27339,27465,26397,26741
BTC,5/17/23,26959,27449,26587,27339
BTC,5/16/23,27355,27388,26890,26959
BTC,5/15/23,26949,27652,26761,27355
BTC,5/14/23,26997,27227,26715,26949
BTC,5/13/23,26451,27082,26451,26998
BTC,05/12/2023,27027,27085,25883,26456
BTC,05/11/2023,27884,27887,26767,27027
BTC,05/10/2023,27670,28297,26967,27896
BTC,05/09/2023,27565,27837,27403,27670
BTC,05/08/2023,28926,28995,27297,27565
BTC,05/07/2023,28961,29261,28834,28926
BTC,05/06/2023,29531,29983,28567,28961
BTC,05/05/2023,28891,29677,28776,29531
BTC,05/04/2023,28512,29369,28512,28891
BTC,05/03/2023,28705,28794,28173,28512
BTC,05/02/2023,27705,28876,27700,28705
BTC,05/01/2023,29348,29482,27705,27705
BTC,4/30/23,29296,30006,29156,29348
BTC,4/29/23,29350,29537,29123,29296
BTC,4/28/23,29596,29782,28934,29350
BTC,4/27/23,28289,29856,28152,29596
BTC,4/26/23,27991,29963,27419,28289
BTC,4/25/23,27434,28043,27183,27991
BTC,4/24/23,27509,27985,27039,27434
BTC,4/23/23,27798,28003,27489,27509
BTC,4/22/23,27299,27871,27263,27798
BTC,4/21/23,28196,28352,27213,27299
BTC,4/20/23,29269,29269,28068,28196
BTC,4/19/23,30403,30405,29123,29269
BTC,4/18/23,29478,30454,29171,30403
BTC,4/17/23,30339,30410,29292,29474
BTC,4/16/23,30375,30606,30236,30339
BTC,4/15/23,30442,30691,30312,30375
BTC,4/14/23,30311,30976,30052,30442
BTC,4/13/23,29963,30557,29818,30311
BTC,04/12/2023,30173,30410,29739,29963
BTC,04/11/2023,29111,30488,29089,30173
BTC,04/10/2023,28108,29258,28108,29111
BTC,04/09/2023,27961,28298,27899,28108
BTC,04/08/2023,27855,28188,27847,27961
BTC,04/07/2023,27982,28103,27801,27855
BTC,04/06/2023,28185,28230,27778,27982
BTC,04/05/2023,28266,28722,27826,28185
BTC,04/04/2023,27577,28427,27337,28266
BTC,04/03/2023,28089,28463,27573,27573
BTC,04/02/2023,28467,28570,27953,28089
BTC,04/01/2023,28392,28815,28316,28467
BTC,3/31/23,28164,28654,27554,28392
BTC,3/30/23,28385,29140,27770,28154
BTC,3/29/23,27323,28612,27129,28385
BTC,3/28/23,27041,27492,26674,27329
BTC,3/27/23,27812,28133,26576,27041
BTC,3/26/23,27387,28186,27384,27811
BTC,3/25/23,27617,27806,27067,27387
BTC,3/24/23,28312,28447,27548,27632
BTC,3/23/23,27381,28732,27041,28312
BTC,3/22/23,28117,28796,26700,27360
BTC,3/21/23,28047,28462,27421,28117
BTC,3/20/23,27963,28502,27201,28047
BTC,3/19/23,27413,28432,26912,27963
BTC,3/18/23,26791,27788,26791,27413
BTC,3/17/23,24701,26991,24701,26791
BTC,3/16/23,24369,25187,24215,24701
BTC,3/15/23,24674,25260,23989,24371
BTC,3/14/23,24126,26425,23951,24674
BTC,3/13/23,21403,24538,21255,24126
BTC,03/12/2023,20453,21432,20392,21397
BTC,03/11/2023,20096,20784,19889,20453
BTC,03/10/2023,20244,20475,19594,20091
BTC,03/09/2023,22005,22005,20125,20244
BTC,03/08/2023,22050,22267,21883,22006
BTC,03/07/2023,22404,22529,21971,22050
BTC,03/06/2023,22482,22571,22313,22401
BTC,03/05/2023,22226,22633,22215,22482
BTC,03/04/2023,22246,22411,22170,22224
BTC,03/03/2023,23417,23549,22111,22246
BTC,03/02/2023,23542,23783,23219,23427
BTC,03/01/2023,23142,23942,23046,23542
BTC,2/28/23,23386,23613,23056,23159
BTC,2/27/23,23564,23869,23172,23386
BTC,2/26/23,22951,23677,22931,23565
BTC,2/25/23,23131,23241,22802,22951
BTC,2/24/23,23897,24118,22934,23131
BTC,2/23/23,23804,24592,23623,23897
BTC,2/22/23,24183,24468,23604,23804
BTC,2/21/23,24762,25147,24183,24183
BTC,2/20/23,24544,25098,23896,24762
BTC,2/19/23,24624,25175,24308,24544
BTC,2/18/23,24593,24839,24116,24624
BTC,2/17/23,24520,24987,23382,24593
BTC,2/16/23,24173,25193,24145,24520
BTC,2/15/23,22251,24189,22066,24173
BTC,2/14/23,21624,22304,21611,22251
BTC,2/13/23,21739,21894,21437,21621
BTC,02/12/2023,21829,22086,21714,21739
BTC,02/11/2023,21543,21839,21527,21829
BTC,02/10/2023,21841,21940,21507,21543
BTC,02/09/2023,22960,22999,21757,21841
BTC,02/08/2023,23191,23405,22711,22960
BTC,02/07/2023,22918,23297,22650,23201
BTC,02/06/2023,22896,23150,22643,22918
BTC,02/05/2023,23417,23452,22782,22896
BTC,02/04/2023,23380,23575,23278,23417
BTC,02/03/2023,23598,23706,23244,23387
BTC,02/02/2023,23678,24205,23581,23598
BTC,02/01/2023,22950,23789,22820,23678
BTC,1/31/23,22743,23182,22549,22950
BTC,1/30/23,23792,23870,22644,22732
BTC,1/29/23,23005,23940,22975,23792
BTC,1/28/23,23097,23184,22900,23005
BTC,1/27/23,23072,23478,22587,23097
BTC,1/26/23,23576,23762,22856,23068
BTC,1/25/23,22903,23641,22358,23576
BTC,1/24/23,22989,23158,22783,22900
BTC,1/23/23,22599,23137,22550,22989
BTC,1/22/23,23199,23215,22357,22579
BTC,1/21/23,22336,23318,22328,23199
BTC,1/20/23,20941,22387,20887,22336
BTC,1/19/23,20772,21162,20659,20941
BTC,1/18/23,21330,21532,20502,20775
BTC,1/17/23,21130,21427,20906,21330
BTC,1/16/23,20898,21413,20700,21129
BTC,1/15/23,20900,21066,20577,20898
BTC,1/14/23,19818,21204,19751,20888
BTC,1/13/23,18836,19866,18727,19818
BTC,01/12/2023,17556,19051,17517,18822
BTC,01/11/2023,17475,17570,17323,17556
BTC,01/10/2023,17190,17489,17134,17475
BTC,01/09/2023,16955,17399,16952,17190
BTC,01/08/2023,16943,17007,16913,16953
BTC,01/07/2023,16929,16981,16909,16943
BTC,01/06/2023,16846,17002,16698,16929
BTC,01/05/2023,16821,16846,16771,16846
BTC,01/04/2023,16667,16980,16641,16820
BTC,01/03/2023,16725,16799,16609,16667
BTC,01/02/2023,16591,16758,16544,16725
BTC,01/01/2023,16549,16617,16491,16591
BTC,12/30/22,16599,16644,16340,16576
BTC,12/29/22,16517,16656,16478,16599
BTC,12/28/22,16698,16759,16478,16517
BTC,12/27/22,16821,16957,16603,16698
BTC,12/26/22,16823,16910,16794,16821
BTC,12/25/22,16836,16863,16744,16823
BTC,12/24/22,16815,16865,16765,16836
BTC,12/23/22,16791,16900,16769,16815
BTC,12/22/22,16790,16862,16569,16791
BTC,12/21/22,16883,16923,16729,16790
BTC,12/20/22,16583,17023,16300,16883
BTC,12/19/22,16750,16820,16499,16583
BTC,12/18/22,16709,16796,16671,16750
BTC,12/17/22,16835,16869,16534,16709
BTC,12/16/22,17384,17524,16754,16835
BTC,12/15/22,17818,17861,17340,17384
BTC,12/14/22,17764,18338,17698,17818
BTC,12/13/22,17153,17889,17094,17764
BTC,12/12/2022,17109,17191,16884,17153
BTC,12/11/2022,17129,17258,17093,17109
BTC,12/10/2022,17109,17219,17106,17129
BTC,12/09/2022,17178,17274,17077,17109
BTC,12/08/2022,16833,17288,16763,17178
BTC,12/07/2022,16994,17125,16692,16833
BTC,12/06/2022,16970,17092,16920,16994
BTC,12/05/2022,17113,17416,16890,16970
BTC,12/04/2022,16957,17151,16876,17113
BTC,12/03/2022,17016,17133,16907,16957
BTC,12/02/2022,16931,17098,16859,17016
BTC,12/01/2022,17102,17211,16876,16931
BTC,11/30/22,16454,17103,16429,17102
BTC,11/29/22,16193,16528,16094,16454
BTC,11/28/22,16570,16586,16018,16193
BTC,11/27/22,16507,16587,16390,16570
BTC,11/26/22,16503,16678,16425,16507
BTC,11/25/22,16537,16606,16352,16503
BTC,11/24/22,16482,16769,16448,16537
BTC,11/23/22,16137,16622,16091,16482
BTC,11/22/22,15602,16251,15599,16137
BTC,11/21/22,16251,16331,15508,15602
BTC,11/20/22,16665,16799,16236,16251
BTC,11/19/22,16640,16703,16552,16665
BTC,11/18/22,16681,16963,16544,16640
BTC,11/17/22,16538,16723,16407,16681
BTC,11/16/22,16880,16968,16381,16538
BTC,11/15/22,16393,17094,16344,16880
BTC,11/14/22,16380,17111,15807,16393
BTC,11/13/22,16793,16911,16250,16380
BTC,11/12/2022,16773,17092,16619,16793
BTC,11/11/2022,17807,17857,16429,16773
BTC,11/10/2022,15788,18096,15614,17807
BTC,11/09/2022,18711,18724,15691,15788
BTC,11/08/2022,20667,20667,17302,18711
BTC,11/07/2022,21132,21179,20621,20667
BTC,11/06/2022,21367,21372,21125,21132
BTC,11/05/2022,21147,21486,21085,21367
BTC,11/04/2022,20240,21200,20164,21147
BTC,11/03/2022,20192,20387,20063,20240
BTC,11/02/2022,20481,20739,20118,20192
BTC,11/01/2022,20407,20670,20368,20481
BTC,10/31/22,20683,20819,20274,20407
BTC,10/30/22,20865,20944,20578,20688
BTC,10/29/22,20634,21020,20566,20865
BTC,10/28/22,20418,20738,20055,20649
BTC,10/27/22,20754,20901,20261,20418
BTC,10/26/22,20172,20985,20023,20754
BTC,10/25/22,19374,20397,19240,20172
BTC,10/24/22,19498,19674,19168,19374
BTC,10/23/22,19218,19517,19081,19498
BTC,10/22/22,19179,19252,19118,19220
BTC,10/21/22,19027,19227,18734,19179
BTC,10/20/22,19196,19302,18937,19022
BTC,10/19/22,19365,19375,19113,19196
BTC,10/18/22,19527,19683,19113,19373
BTC,10/17/22,19349,19631,19128,19527
BTC,10/16/22,19103,19395,19010,19352
BTC,10/15/22,19186,19219,19052,19103
BTC,10/14/22,19382,19916,19139,19187
BTC,10/13/22,19163,19501,18271,19382
BTC,10/12/2022,19026,19188,18999,19148
BTC,10/11/2022,19243,19270,18888,19026
BTC,10/10/2022,19477,19518,19137,19243
BTC,10/09/2022,19461,19558,19278,19477
BTC,10/08/2022,19549,19643,19424,19461
BTC,10/07/2022,20055,20055,19351,19549
BTC,10/06/2022,20022,20438,19890,20049
BTC,10/05/2022,20350,20402,19779,20022
BTC,10/04/2022,19590,20420,19511,20350
BTC,10/03/2022,19227,19630,18945,19590
BTC,10/02/2022,19250,19391,19062,19231
BTC,10/01/2022,19425,19476,19218,19250
BTC,9/30/22,19483,20131,19198,19420
BTC,9/29/22,19574,19726,18825,19483
BTC,9/28/22,19055,19623,18506,19565
BTC,9/27/22,19121,20366,18854,19055
BTC,9/26/22,18888,19288,18662,19135
BTC,9/25/22,19138,19142,18817,18888
BTC,9/24/22,18852,19386,18813,19138
BTC,9/23/22,19247,19481,18571,18852
BTC,9/22/22,18918,19470,18189,19247
BTC,9/21/22,18976,19713,18808,18918
BTC,9/20/22,19520,19663,18803,18970
BTC,9/19/22,19721,19721,18397,19520
BTC,9/18/22,20081,20147,19597,19721
BTC,9/17/22,19743,20178,19705,20081
BTC,9/16/22,19836,19896,19360,19743
BTC,9/15/22,19948,20376,19555,19836
BTC,9/14/22,20254,20487,19646,19948
BTC,9/13/22,22396,22733,20079,20254
BTC,09/12/2022,21643,22467,21500,22396
BTC,09/11/2022,21487,21860,21426,21643
BTC,09/10/2022,21285,21712,21192,21487
BTC,09/09/2022,19371,21411,19258,21285
BTC,09/08/2022,19393,19450,19083,19371
BTC,09/07/2022,18962,19447,18582,19393
BTC,09/06/2022,19743,20147,18734,18962
BTC,09/05/2022,19898,20048,19646,19743
BTC,09/04/2022,19739,19936,19605,19898
BTC,09/03/2022,19965,20044,19663,19739
BTC,09/02/2022,20076,20411,19778,19965
BTC,09/01/2022,20207,20291,19591,20076
BTC,8/31/22,19975,20476,19763,20207
BTC,8/30/22,20188,20567,19583,19975
BTC,8/29/22,19999,20379,19544,20188
BTC,8/28/22,20000,20152,19836,19999
BTC,8/27/22,20657,20683,19873,20000
BTC,8/26/22,21647,21795,20565,20667
BTC,8/25/22,21693,21806,21306,21647
BTC,8/24/22,21489,21879,21173,21697
BTC,8/23/22,21126,21597,20925,21489
BTC,8/22/22,21520,21688,20958,21107
BTC,8/21/22,20856,21723,20813,21520
BTC,8/20/22,21278,21361,20820,20856
BTC,8/19/22,23413,23426,21189,21278
BTC,8/18/22,23408,23577,23236,23417
BTC,8/17/22,23973,24447,23206,23408
BTC,8/16/22,24070,24253,23669,23973
BTC,8/15/22,24320,25199,23912,24070
BTC,8/14/22,24505,24992,24178,24327
BTC,8/13/22,24235,24886,24090,24505
BTC,08/12/2022,24214,24311,23634,24244
BTC,08/11/2022,23909,24859,23792,24214
BTC,08/10/2022,23147,24117,22720,23880
BTC,08/09/2022,24073,24073,22898,23147
BTC,08/08/2022,23271,24234,23081,24073
BTC,08/07/2022,23167,23285,22863,23271
BTC,08/06/2022,22969,23347,22969,23167
BTC,08/05/2022,22503,23455,22467,22969
BTC,08/04/2022,23324,23367,22443,22503
BTC,08/03/2022,23015,23607,22698,23324
BTC,08/02/2022,23027,23450,22679,23015
BTC,08/01/2022,23804,23824,22878,23027
BTC,7/31/22,23979,24164,23439,23804
BTC,7/30/22,23952,24613,23704,23979
BTC,7/29/22,24012,24310,23486,23952
BTC,7/28/22,22795,24167,22586,24012
BTC,7/27/22,20964,23026,20834,22795
BTC,7/26/22,22166,22176,20753,20964
BTC,7/25/22,22749,23007,21582,22166
BTC,7/24/22,22319,22876,22242,22749
BTC,7/23/22,22603,22999,21978,22319
BTC,7/22/22,23134,23689,22532,22603
BTC,7/21/22,23305,23780,22376,23134
BTC,7/20/22,23308,24258,22925,23305
BTC,7/19/22,21514,23660,21456,23308
BTC,7/18/22,20938,22725,20756,21514
BTC,7/17/22,21165,21645,20853,20938
BTC,7/16/22,20925,21561,20481,21165
BTC,7/15/22,20660,21181,20384,20925
BTC,7/14/22,19663,20835,19642,20660
BTC,7/13/22,19434,20013,18975,19663
BTC,07/12/2022,20402,20403,19306,19434
BTC,07/11/2022,20960,21158,20301,20396
BTC,07/10/2022,21686,21737,20684,20960
BTC,07/09/2022,21834,21997,21323,21668
BTC,07/08/2022,21608,22336,21208,21834
BTC,07/07/2022,20394,21808,20258,21608
BTC,07/06/2022,20439,20457,19765,20394
BTC,07/05/2022,19532,20692,19395,20459
BTC,07/04/2022,19106,19850,19044,19532
BTC,07/03/2022,19295,19319,18782,19106
BTC,07/02/2022,19420,19489,18997,19295
BTC,07/01/2022,18731,20742,18706,19414
BTC,6/30/22,20188,20314,18669,18731
BTC,6/29/22,20253,20414,19885,20171
BTC,6/28/22,20900,21174,20198,20253
BTC,6/27/22,21390,21490,20553,20900
BTC,6/26/22,21222,21857,21138,21390
BTC,6/25/22,21194,21524,20916,21222
BTC,6/24/22,20797,21351,20676,21194
BTC,6/23/22,19898,21023,19827,20802
BTC,6/22/22,20836,20979,19781,19898
BTC,6/21/22,20444,21664,20257,20836
BTC,6/20/22,20501,20940,19840,20444
BTC,6/19/22,17727,20635,17727,20501
BTC,6/18/22,20618,20723,17630,17727
BTC,6/17/22,20683,21268,20219,20627
BTC,6/16/22,21693,22899,20522,20683
BTC,6/15/22,21992,22229,20111,21685
BTC,6/14/22,23238,23329,20889,21992
BTC,6/13/22,27383,27513,22617,23251
BTC,06/12/2022,28403,28659,26947,27383
BTC,06/11/2022,29194,29409,28173,28393
BTC,06/10/2022,30148,30286,28891,29194
BTC,06/09/2022,30202,30653,29961,30139
BTC,06/08/2022,31341,31515,29874,30202
BTC,06/07/2022,31432,31554,29230,31341
BTC,06/06/2022,29941,31735,29817,31432
BTC,06/05/2022,29726,30149,29539,29945
BTC,06/04/2022,29649,29888,29482,29726
BTC,06/03/2022,30242,30667,29355,29652
BTC,06/02/2022,29645,30350,29504,30242
BTC,06/01/2022,31757,31957,29367,29645
BTC,5/31/22,31271,32324,31206,31757
BTC,5/30/22,29162,31302,29153,31271
BTC,5/29/22,28996,29428,28824,29162
BTC,5/28/22,28739,29222,28524,28996
BTC,5/27/22,29447,29643,28256,28739
BTC,5/26/22,29762,29842,28158,29447
BTC,5/25/22,29429,30175,29345,29762
BTC,5/24/22,29289,29544,28665,29429
BTC,5/23/22,29910,30615,29054,29289
BTC,5/22/22,29380,30259,29254,29910
BTC,5/21/22,29121,29597,28949,29380
BTC,5/20/22,30214,30700,28714,29121
BTC,5/19/22,29205,30483,28637,30214
BTC,5/18/22,30081,30664,28749,29205
BTC,5/17/22,29880,30721,29465,30081
BTC,5/16/22,30991,31346,29179,29880
BTC,5/15/22,29370,31061,29345,30991
BTC,5/14/22,29800,30079,28661,29370
BTC,5/13/22,28572,30994,27968,29800
BTC,05/12/2022,28315,30079,25805,28572
BTC,05/11/2022,30960,32075,28233,28315
BTC,05/10/2022,31076,32624,29842,30960
BTC,05/09/2022,34604,34604,30416,31076
BTC,05/08/2022,35775,35816,33766,34604
BTC,05/07/2022,36074,36140,35749,35775
BTC,05/06/2022,36432,36648,35387,36074
BTC,05/05/2022,39780,39860,35690,36432
BTC,05/04/2022,37633,39890,37633,39780
BTC,05/03/2022,38321,38854,37543,37633
BTC,05/02/2022,38196,39108,38102,38321
BTC,05/01/2022,38332,38660,37510,38196
BTC,4/30/22,38559,38776,38201,38332
BTC,4/29/22,39928,39989,38213,38559
BTC,4/28/22,39095,40338,38877,39928
BTC,4/27/22,38128,39451,37746,39095
BTC,4/26/22,40140,40748,37757,38128
BTC,4/25/22,39539,40316,38292,40140
BTC,4/24/22,39794,39937,39046,39539
BTC,4/23/22,39597,39974,39331,39794
BTC,4/22/22,40647,40842,39214,39597
BTC,4/21/22,41435,42949,40647,40647
BTC,4/20/22,41300,42202,40935,41435
BTC,4/19/22,40665,41750,40609,41300
BTC,4/18/22,40295,40911,38639,40665
BTC,4/17/22,40356,40712,39927,40295
BTC,4/16/22,40404,40657,40044,40356
BTC,4/15/22,39896,40727,39807,40409
BTC,4/14/22,41245,41476,39626,39896
BTC,4/13/22,39536,41499,39498,41245
BTC,04/12/2022,39850,40641,39301,39536
BTC,04/11/2022,43147,43242,39629,39850
BTC,04/10/2022,42459,43398,42430,43154
BTC,04/09/2022,42808,42859,42138,42459
BTC,04/08/2022,43573,43962,42557,42750
BTC,04/07/2022,43905,44002,42784,43573
BTC,04/06/2022,45707,46042,43343,43898
BTC,04/05/2022,46304,47158,45593,45707
BTC,04/04/2022,46391,47367,45174,46304
BTC,04/03/2022,46208,46766,45580,46391
BTC,04/02/2022,46175,47183,45681,46208
BTC,04/01/2022,45760,46696,44310,46175
BTC,3/31/22,47232,47573,45542,45760
BTC,3/30/22,47470,47705,46645,47232
BTC,3/29/22,47944,48103,47002,47406
BTC,3/28/22,46105,48174,45912,47944
BTC,3/27/22,44608,46402,44289,46073
BTC,3/26/22,44600,44801,44131,44608
BTC,3/25/22,43914,45097,43641,44564
BTC,3/24/22,42350,44215,42276,43914
BTC,3/23/22,42611,42863,41809,42350
BTC,3/22/22,41186,43253,40915,42611
BTC,3/21/22,41308,41514,40550,41186
BTC,3/20/22,42256,42366,40966,41308
BTC,3/19/22,41849,42374,41564,42256
BTC,3/18/22,40723,42296,40228,41849
BTC,3/17/22,41252,41444,40612,40717
BTC,3/16/22,39452,41649,38980,41252
BTC,3/15/22,38737,39864,38184,39416
BTC,3/14/22,38692,39275,37624,38737
BTC,3/13/22,39103,39237,38424,38677
BTC,03/12/2022,38864,39364,38713,39103
BTC,03/11/2022,39330,40189,38261,38869
BTC,03/10/2022,41910,42123,38770,39302
BTC,03/09/2022,38545,42552,38515,41910
BTC,03/08/2022,37873,39372,37823,38545
BTC,03/07/2022,38994,39534,37187,37873
BTC,03/06/2022,39378,39660,38144,38994
BTC,03/05/2022,39410,39583,38641,39396
BTC,03/04/2022,42117,42659,39106,39410
BTC,03/03/2022,43950,44224,41848,42127
BTC,03/02/2022,43899,45309,43372,43950
BTC,03/01/2022,41650,44957,41650,43870
BTC,2/28/22,37440,41928,37428,41650
BTC,2/27/22,39479,39834,37063,37461
BTC,2/26/22,38992,40081,38661,39479
BTC,2/25/22,38396,39681,37801,39009
BTC,2/24/22,37521,39136,34413,38396
BTC,2/23/22,37913,39214,37441,37571
BTC,2/22/22,37018,38269,36420,37913
BTC,2/21/22,38249,39464,37193,37193
BTC,2/20/22,39936,40152,38037,38249
BTC,2/19/22,39996,40467,39690,39936
BTC,2/18/22,40708,40964,39622,39996
BTC,2/17/22,44091,44181,40128,40708
BTC,2/16/22,44007,44741,43415,44091
BTC,2/15/22,42257,44512,42243,44007
BTC,2/14/22,42259,42843,41646,42257
BTC,2/13/22,41910,42743,41889,42259
BTC,02/12/2022,42561,43025,41816,41910
BTC,02/11/2022,43753,44113,42253,42561
BTC,02/10/2022,44502,45758,43350,43753
BTC,02/09/2022,44264,44837,43202,44502
BTC,02/08/2022,44050,45403,42727,44264
BTC,02/07/2022,41693,44495,41609,44050
BTC,02/06/2022,41670,42094,41229,41693
BTC,02/05/2022,40647,41919,40410,41718
BTC,02/04/2022,36967,40890,36833,40647
BTC,02/03/2022,36877,37220,36279,36964
BTC,02/02/2022,38741,38900,36686,36877
BTC,02/01/2022,38444,39261,38051,38741
BTC,1/31/22,37747,38728,36703,38444
BTC,1/30/22,38437,38437,37411,37747
BTC,1/29/22,37818,38673,37362,38437
BTC,1/28/22,36223,38009,35934,37818
BTC,1/27/22,36371,37168,35551,36223
BTC,1/26/22,36632,38874,36371,36371
BTC,1/25/22,36851,37501,35741,36632
BTC,1/24/22,35379,37397,33070,36851
BTC,1/23/22,35461,36157,34694,35389
BTC,1/22/22,36701,37149,34163,35461
BTC,1/21/22,41391,41524,36208,36689
BTC,1/20/22,41733,43517,41389,41391
BTC,1/19/22,42401,42604,41200,41739
BTC,1/18/22,41741,42476,41319,42401
BTC,1/17/22,43011,43275,41632,41741
BTC,1/16/22,43332,43472,42622,43011
BTC,1/15/22,43329,43775,42620,43346
BTC,1/14/22,42826,43411,41865,43329
BTC,1/13/22,43815,44401,42354,42826
BTC,     ,42686,44303,42498,43815
BTC,01/11/2022,41705,43109,41304,42686
BTC,01/10/2022,42314,42484,39712,41705
BTC,01/09/2022,41786,42771,41285,42334
BTC,01/08/2022,41884,42206,40614,41786
BTC,01/07/2022,43114,43233,40769,41908
BTC,01/06/2022,43658,43764,42529,43114
BTC,01/05/2022,46298,46851,43522,43658
BTC,01/04/2022,46055,47490,45586,46298
BTC,01/03/2022,47026,47544,45745,46055
